Order,Material,SLoc,Quantity,Pstng Date,,,,,,,,,
68165442,110,5030,-1,1/3/2026,,,,,,,,,
68166304,110,5030,-1,1/3/2026,,,,,,,,,
68166614,110,5042,-1,1/3/2026,,,,,,,,,
68165121,110,5041,-1,1/5/2026,,,,,,,,,
68165452,110,5021,-1,1/5/2026,,,,,,,,,
68166519,110,5021,-1,1/5/2026,,,,,,,,,
68175400,110,5030,-1,1/5/2026,,,,,,,,,
68175269,110,5042,-1,1/5/2026,,,,,,,,,
68174627,110,5021,-1,1/6/2026,,,,,,,,,
68174102,110,5021,-1,1/6/2026,,,,,,,,,
68176980,110,5021,-1,1/6/2026,,,,,,,,,
68184367,110,5021,-1,1/6/2026,,,,,,,,,
68187031,110,5043,-1,1/6/2026,,,,,,,,,
68186069,110,5028,-1,1/6/2026,,,,,,,,,
68188483,110,5043,-1,1/6/2026,,,,,,,,,
68187057,110,5043,-1,1/6/2026,,,,,,,,,
68184436,110,5021,-1,1/6/2026,,,,,,,,,
68184849,110,5021,-1,1/6/2026,,,,,,,,,
68194369,110,5023,-1,1/7/2026,,,,,,,,,
68188902,110,5043,-1,1/7/2026,,,,,,,,,
68188898,110,5043,-1,1/7/2026,,,,,,,,,
68167377,110,5025,-1,1/7/2026,,,,,,,,,
68194224,110,5001,-1,1/7/2026,,,,,,,,,
68191726,110,5021,-1,1/8/2026,,,,,,,,,
68209299,110,5021,-1,1/8/2026,,,,,,,,,
68204677,110,5041,-1,1/8/2026,,,,,,,,,
68216073,110,5030,-1,1/9/2026,,,,,,,,,
68214902,110,5021,-1,1/10/2026,,,,,,,,,
68215143,110,5021,-1,1/10/2026,,,,,,,,,
68223254,110,5001,-1,1/10/2026,,,,,,,,,
68221767,110,5021,-1,1/10/2026,,,,,,,,,
68224181,110,5028,-1,1/10/2026,,,,,,,,,
68223187,110,5023,-1,1/10/2026,,,,,,,,,
68223426,110,5022,-1,1/10/2026,,,,,,,,,
68225754,110,5022,-1,1/12/2026,,,,,,,,,
68225804,110,5022,-1,1/12/2026,,,,,,,,,
68228015,110,5023,-1,1/12/2026,,,,,,,,,
68227601,110,5021,-1,1/12/2026,,,,,,,,,
68226721,110,5030,-1,1/12/2026,,,,,,,,,
68209130,110,5041,-1,1/12/2026,,,,,,,,,
68227210,110,5021,-1,1/12/2026,,,,,,,,,
68224786,110,5021,-1,1/12/2026,,,,,,,,,
68240636,110,5022,-1,1/13/2026,,,,,,,,,
58263651,110,5022,1,1/13/2026,,,,,,,,,
68239228,110,5030,-1,1/13/2026,,,,,,,,,
68239247,110,5001,-1,1/13/2026,,,,,,,,,
68236558,110,5030,-1,1/13/2026,,,,,,,,,
68174102,110,5021,1,1/13/2026,,,,,,,,,
68251080,110,5001,-1,1/14/2026,,,,,,,,,
68263638,110,5030,-1,1/15/2026,,,,,,,,,
68256389,110,5030,-1,1/15/2026,,,,,,,,,
68184436,110,5021,1,1/15/2026,,,,,,,,,
68255227,110,5030,-1,1/15/2026,,,,,,,,,
68263451,110,5028,-1,1/15/2026,,,,,,,,,
68258672,110,5021,-1,1/15/2026,,,,,,,,,
68275597,110,5010,-1,1/16/2026,,,,,,,,,
68269912,110,5043,-1,1/16/2026,,,,,,,,,
68274042,110,5030,-1,1/16/2026,,,,,,,,,
68174627,110,5021,1,1/16/2026,,,,,,,,,
68269450,110,5021,-1,1/16/2026,,,,,,,,,
68273655,110,5023,-1,1/16/2026,,,,,,,,,
68275882,110,5023,-1,1/17/2026,,,,,,,,,
68273115,110,5021,-1,1/19/2026,,,,,,,,,
68287334,110,5030,-1,1/19/2026,,,,,,,,,
68287447,110,5001,-1,1/19/2026,,,,,,,,,
68284841,110,5021,-1,1/19/2026,,,,,,,,,
68269450,110,5021,1,1/19/2026,,,,,,,,,
68290642,110,5021,-1,1/19/2026,,,,,,,,,
68273158,110,5021,-1,1/19/2026,,,,,,,,,
68258672,110,5021,1,1/19/2026,,,,,,,,,
68275443,110,5049,-1,1/19/2026,,,,,,,,,
68291094,110,5041,-1,1/20/2026,,,,,,,,,
68298872,110,5023,-1,1/20/2026,,,,,,,,,
59546145,110,5046,-1,1/20/2026,,,,,,,,,
68232975,110,5046,-1,1/20/2026,,,,,,,,,
68301255,110,5021,-1,1/21/2026,,,,,,,,,
68273115,110,5021,1,1/21/2026,,,,,,,,,
68319849,110,5023,-1,1/22/2026,,,,,,,,,
68321443,110,5030,-1,1/22/2026,,,,,,,,,
68321110,110,5041,-1,1/22/2026,,,,,,,,,
68320535,110,5041,-1,1/22/2026,,,,,,,,,
68224786,110,5021,1,1/23/2026,,,,,,,,,
68330783,110,5030,-1,1/23/2026,,,,,,,,,
68330995,110,5001,-1,1/23/2026,,,,,,,,,
68299080,110,5001,-1,1/23/2026,,,,,,,,,
68328032,110,5021,-1,1/23/2026,,,,,,,,,
68334103,110,5010,-1,1/23/2026,,,,,,,,,
68330797,110,5030,-1,1/23/2026,,,,,,,,,
68340341,110,5030,-1,1/24/2026,,,,,,,,,
68339692,110,5030,-1,1/24/2026,,,,,,,,,
68339626,110,5021,-1,1/24/2026,,,,,,,,,
68340344,110,5030,-1,1/24/2026,,,,,,,,,
68339829,110,5021,-1,1/24/2026,,,,,,,,,
68296416,110,5001,-1,1/24/2026,,,,,,,,,
68340507,110,5021,-1,1/24/2026,,,,,,,,,
68335999,110,5041,-1,1/24/2026,,,,,,,,,
68340500,110,5021,-1,1/24/2026,,,,,,,,,
68353889,110,5021,-1,1/27/2026,,,,,,,,,
68351835,110,5021,-1,1/27/2026,,,,,,,,,
68340655,110,5041,-1,1/27/2026,,,,,,,,,
68349260,110,5021,-1,1/27/2026,,,,,,,,,
68358659,110,5043,-1,1/27/2026,,,,,,,,,
68351662,110,5021,-1,1/27/2026,,,,,,,,,
68343339,110,5028,-1,1/27/2026,,,,,,,,,
68354739,110,5043,-1,1/27/2026,,,,,,,,,
68340430,110,5021,-1,1/27/2026,,,,,,,,,
68363269,110,5021,-1,1/28/2026,,,,,,,,,
68365569,110,5021,-1,1/28/2026,,,,,,,,,
68366068,110,5041,-1,1/28/2026,,,,,,,,,
68367569,110,5021,-1,1/28/2026,,,,,,,,,
68366186,110,5041,-1,1/28/2026,,,,,,,,,
68367272,110,5043,-1,1/28/2026,,,,,,,,,
68370138,110,5042,-1,1/29/2026,,,,,,,,,
68376257,110,5021,-1,1/29/2026,,,,,,,,,
68367284,110,5021,-1,1/29/2026,,,,,,,,,
68376135,110,5001,-1,1/29/2026,,,,,,,,,
68375956,110,5001,-1,1/29/2026,,,,,,,,,
68375966,110,5001,-1,1/29/2026,,,,,,,,,
68386574,110,5023,-1,1/30/2026,,,,,,,,,
68380344,110,5001,-1,1/30/2026,,,,,,,,,
58102804,110,5020,1,1/30/2026,,,,,,,,,
68264885,110,5021,-1,1/30/2026,,,,,,,,,
68396693,110,5030,-1,1/31/2026,,,,,,,,,
68386574,110,5023,1,1/31/2026,,,,,,,,,
68396157,110,5005,-1,1/31/2026,,,,,,,,,
68396614,110,5030,-1,1/31/2026,,,,,,,,,
68390698,110,5042,-1,2/1/2026,,,,,,,,,
68227210,110,5021,1,2/2/2026,,,,,,,,,
68340507,110,5021,1,2/2/2026,,,,,,,,,
68400279,110,5001,-1,2/2/2026,,,,,,,,,
68404886,110,5043,-1,2/2/2026,,,,,,,,,
68365569,110,5021,1,2/2/2026,,,,,,,,,
68399565,110,5001,-1,2/2/2026,,,,,,,,,
68398537,110,5028,-1,2/3/2026,,,,,,,,,
68226721,110,5030,1,2/3/2026,,,,,,,,,
68411867,110,5003,-1,2/4/2026,,,,,,,,,
68413738,110,5021,-1,2/4/2026,,,,,,,,,
68415312,110,5041,-1,2/4/2026,,,,,,,,,
68434254,110,5061,-1,2/5/2026,,,,,,,,,
68432640,110,5001,-1,2/5/2026,,,,,,,,,
68442337,110,5021,-1,2/6/2026,,,,,,,,,
68442782,110,5021,-1,2/6/2026,,,,,,,,,
68445597,110,5021,-1,2/6/2026,,,,,,,,,
68264885,110,5021,1,2/6/2026,,,,,,,,,
68443933,110,5041,-1,2/6/2026,,,,,,,,,
68454624,110,5030,-1,2/9/2026,,,,,,,,,
68452579,110,5030,-1,2/9/2026,,,,,,,,,
68450076,110,5030,-1,2/9/2026,,,,,,,,,
68436331,110,5046,-1,2/9/2026,,,,,,,,,
68442477,110,5044,-1,2/9/2026,,,,,,,,,
68455449,110,5043,-1,2/9/2026,,,,,,,,,
68454749,110,5023,-1,2/9/2026,,,,,,,,,
68452160,110,5001,-1,2/10/2026,,,,,,,,,
68454749,110,5023,1,2/10/2026,,,,,,,,,
68466447,110,5021,-1,2/10/2026,,,,,,,,,
68466534,110,5001,-1,2/10/2026,,,,,,,,,
68466392,110,5042,-1,2/10/2026,,,,,,,,,
68428389,110,5023,-1,2/10/2026,,,,,,,,,
68469402,110,5021,-1,2/11/2026,,,,,,,,,
68481012,110,5030,-1,2/11/2026,,,,,,,,,
68473892,110,5011,-1,2/11/2026,,,,,,,,,
68478924,110,5014,-1,2/11/2026,,,,,,,,,
68467319,110,5021,-1,2/11/2026,,,,,,,,,
68206028,110,5021,-1,2/11/2026,,,,,,,,,
68487799,110,5021,-1,2/12/2026,,,,,,,,,
68466924,110,5042,-1,2/12/2026,,,,,,,,,
68328032,110,5021,1,2/12/2026,,,,,,,,,
68367284,110,5021,1,2/12/2026,,,,,,,,,
68491757,110,5030,-1,2/12/2026,,,,,,,,,
68466447,110,5021,1,2/12/2026,,,,,,,,,
68487725,110,5041,-1,2/12/2026,,,,,,,,,
68487458,110,5030,-1,2/12/2026,,,,,,,,,
68497422,110,5021,-1,2/13/2026,,,,,,,,,
68491224,110,5039,-1,2/13/2026,,,,,,,,,
68487980,110,5039,-1,2/13/2026,,,,,,,,,
68436211,110,5046,-1,2/14/2026,,,,,,,,,
68501007,110,5030,-1,2/14/2026,,,,,,,,,
68400983,110,5001,-1,2/14/2026,,,,,,,,,
68506555,110,5041,-1,2/14/2026,,,,,,,,,
68506438,110,5021,-1,2/14/2026,,,,,,,,,
68511229,110,5030,-1,2/16/2026,,,,,,,,,
68508657,110,5021,-1,2/16/2026,,,,,,,,,
68509053,110,5030,-1,2/16/2026,,,,,,,,,
68511387,110,5030,-1,2/16/2026,,,,,,,,,
68509032,110,5030,-1,2/16/2026,,,,,,,,,
68511272,110,5022,-1,2/16/2026,,,,,,,,,
68506615,110,5021,-1,2/16/2026,,,,,,,,,
68519381,110,5021,-1,2/17/2026,,,,,,,,,
68527602,110,5021,-1,2/18/2026,,,,,,,,,
68527959,110,5010,-1,2/18/2026,,,,,,,,,
68526984,110,5041,-1,2/18/2026,,,,,,,,,
68263451,110,5028,1,2/18/2026,,,,,,,,,
68343339,110,5028,1,2/18/2026,,,,,,,,,
68536364,110,5041,-1,2/19/2026,,,,,,,,,
68532462,110,5003,-1,2/19/2026,,,,,,,,,
68540459,110,5011,-1,2/19/2026,,,,,,,,,
68442782,110,5021,1,2/19/2026,,,,,,,,,
68340341,110,5030,1,2/19/2026,,,,,,,,,
68530434,110,5030,-1,2/19/2026,,,,,,,,,
68535810,110,5021,-1,2/19/2026,,,,,,,,,
68269912,110,5043,1,2/20/2026,,,,,,,,,
68519381,110,5021,1,2/20/2026,,,,,,,,,
68506438,110,5021,1,2/20/2026,,,,,,,,,
68545685,110,5021,-1,2/20/2026,,,,,,,,,
68538555,110,5042,-1,2/20/2026,,,,,,,,,
68545689,110,5041,-1,2/20/2026,,,,,,,,,
68545923,110,5001,-1,2/20/2026,,,,,,,,,
68545966,110,5021,-1,2/20/2026,,,,,,,,,
68537821,110,5033,-1,2/20/2026,,,,,,,,,
68555305,110,5021,-1,2/21/2026,,,,,,,,,
68554652,110,5021,-1,2/21/2026,,,,,,,,,
68515007,110,5022,-1,2/21/2026,,,,,,,,,
68555036,110,5030,-1,2/21/2026,,,,,,,,,
68186069,110,5028,1,2/21/2026,,,,,,,,,
68555267,110,5021,-1,2/21/2026,,,,,,,,,
68554107,110,5023,-1,2/23/2026,,,,,,,,,
68560386,110,5030,-1,2/23/2026,,,,,,,,,
68557918,110,5021,-1,2/23/2026,,,,,,,,,
68556547,110,5030,-1,2/23/2026,,,,,,,,,
68556598,110,5030,-1,2/23/2026,,,,,,,,,
68559441,110,5030,-1,2/23/2026,,,,,,,,,
68566400,110,5021,-1,2/24/2026,,,,,,,,,
68579648,110,5021,-1,2/25/2026,,,,,,,,,
68580051,110,5030,-1,2/25/2026,,,,,,,,,
68582045,110,5030,-1,2/25/2026,,,,,,,,,
68580050,110,5021,-1,2/25/2026,,,,,,,,,
68573753,110,5046,-1,2/25/2026,,,,,,,,,
68582330,110,5030,-1,2/25/2026,,,,,,,,,
68359786,110,5021,-1,2/26/2026,,,,,,,,,
68588151,110,5001,-1,2/26/2026,,,,,,,,,
68587484,110,5041,-1,2/26/2026,,,,,,,,,
68588126,110,5001,-1,2/26/2026,,,,,,,,,
68583980,110,5021,-1,2/26/2026,,,,,,,,,
68592024,110,5001,-1,2/26/2026,,,,,,,,,
68587226,110,5041,-1,2/26/2026,,,,,,,,,
68589719,110,5001,-1,2/26/2026,,,,,,,,,
68592631,110,5030,-1,2/26/2026,,,,,,,,,
68581603,110,5021,-1,2/26/2026,,,,,,,,,
68587502,110,5041,-1,2/26/2026,,,,,,,,,
68591631,110,5001,-1,2/26/2026,,,,,,,,,
68467523,110,5041,-1,2/26/2026,,,,,,,,,
68587437,110,5021,-1,2/26/2026,,,,,,,,,
68590211,110,5021,-1,2/26/2026,,,,,,,,,
68592614,110,5021,-1,2/27/2026,,,,,,,,,
68595857,110,5021,-1,2/27/2026,,,,,,,,,
68600679,110,5021,-1,2/27/2026,,,,,,,,,
68600409,110,5023,-1,2/27/2026,,,,,,,,,
68609317,110,5021,-1,2/28/2026,,,,,,,,,
68852571,110,5021,-1,3/31/2026,,,,,,,,,
68746956,110,5030,1,3/31/2026,,,,,,,,,
68842676,110,5022,-1,3/31/2026,,,,,,,,,
68855103,110,5063,-1,3/31/2026,,,,,,,,,
68849173,110,5030,-1,3/31/2026,,,,,,,,,
68851727,110,5022,-1,3/31/2026,,,,,,,,,
68837176,110,5022,-1,3/31/2026,,,,,,,,,
68849627,110,5030,-1,3/31/2026,,,,,,,,,
68719646,110,5030,1,3/31/2026,,,,,,,,,
68609074,110,5030,1,3/31/2026,,,,,,,,,
68849246,110,5021,-1,3/31/2026,,,,,,,,,
68624671,110,5022,1,3/31/2026,,,,,,,,,
68793387,110,5030,-1,3/30/2026,,,,,,,,,
68840328,110,5043,-1,3/30/2026,,,,,,,,,
68838537,110,5021,-1,3/30/2026,,,,,,,,,
68837927,110,5021,-1,3/30/2026,,,,,,,,,
68839450,110,5043,-1,3/30/2026,,,,,,,,,
68835797,110,5022,-1,3/29/2026,,,,,,,,,
68834960,110,5030,-1,3/28/2026,,,,,,,,,
68828957,110,5030,-1,3/28/2026,,,,,,,,,
68815431,110,5041,-1,3/27/2026,,,,,,,,,
68442337,110,5021,1,3/27/2026,,,,,,,,,
68826109,110,5021,-1,3/27/2026,,,,,,,,,
68816975,110,5021,-1,3/27/2026,,,,,,,,,
68828363,110,5041,-1,3/27/2026,,,,,,,,,
68787783,110,5043,-1,3/27/2026,,,,,,,,,
68778270,110,5061,-1,3/26/2026,,,,,,,,,
68816375,110,5043,-1,3/26/2026,,,,,,,,,
68526468,110,5041,-1,3/26/2026,,,,,,,,,
68807885,110,5023,-1,3/26/2026,,,,,,,,,
68806821,110,5023,-1,3/26/2026,,,,,,,,,
68815226,110,5021,-1,3/26/2026,,,,,,,,,
68802106,110,5041,-1,3/25/2026,,,,,,,,,
68796827,110,5021,-1,3/25/2026,,,,,,,,,
68804773,110,5021,-1,3/25/2026,,,,,,,,,
68786009,110,5041,-1,3/25/2026,,,,,,,,,
68806176,110,5022,-1,3/25/2026,,,,,,,,,
68787477,110,5001,-1,3/24/2026,,,,,,,,,
59182267,110,5022,1,3/24/2026,,,,,,,,,
68794460,110,5043,-1,3/24/2026,,,,,,,,,
68784557,110,5023,-1,3/24/2026,,,,,,,,,
68459844,110,5046,-1,3/24/2026,,,,,,,,,
68781190,110,5001,-1,3/24/2026,,,,,,,,,
68773743,110,509A,-1,3/23/2026,,,,,,,,,
68595857,110,5021,1,3/23/2026,,,,,,,,,
68782107,110,5041,-1,3/23/2026,,,,,,,,,
68359786,110,5021,1,3/23/2026,,,,,,,,,
68779560,110,5001,-1,3/23/2026,,,,,,,,,
68780742,110,5021,-1,3/23/2026,,,,,,,,,
68772138,110,5021,-1,3/21/2026,,,,,,,,,
68778592,110,5030,-1,3/21/2026,,,,,,,,,
68747648,110,5001,-1,3/21/2026,,,,,,,,,
68769255,110,5022,-1,3/20/2026,,,,,,,,,
68769987,110,5023,-1,3/20/2026,,,,,,,,,
68770165,110,5023,-1,3/20/2026,,,,,,,,,
68771077,110,5030,-1,3/20/2026,,,,,,,,,
68701308,110,5021,1,3/19/2026,,,,,,,,,
68670287,110,5021,1,3/19/2026,,,,,,,,,
68747868,110,5023,-1,3/19/2026,,,,,,,,,
68748717,110,5030,-1,3/18/2026,,,,,,,,,
68748479,110,5001,-1,3/18/2026,,,,,,,,,
68746974,110,5021,-1,3/18/2026,,,,,,,,,
68726209,110,5023,-1,3/18/2026,,,,,,,,,
68749941,110,5022,-1,3/18/2026,,,,,,,,,
68746956,110,5030,-1,3/18/2026,,,,,,,,,
68746688,110,5023,-1,3/18/2026,,,,,,,,,
68749913,110,5021,-1,3/18/2026,,,,,,,,,
68738692,110,5030,-1,3/17/2026,,,,,,,,,
68738416,110,5021,-1,3/17/2026,,,,,,,,,
68724860,110,5001,-1,3/16/2026,,,,,,,,,
68724838,110,5001,-1,3/16/2026,,,,,,,,,
68724046,110,5021,-1,3/16/2026,,,,,,,,,
68720445,110,5043,-1,3/16/2026,,,,,,,,,
68724522,110,5041,-1,3/16/2026,,,,,,,,,
68719744,110,5021,-1,3/14/2026,,,,,,,,,
68719646,110,5030,-1,3/14/2026,,,,,,,,,
68644561,110,5030,1,3/14/2026,,,,,,,,,
68714714,110,5003,-1,3/14/2026,,,,,,,,,
68720846,110,5043,-1,3/14/2026,,,,,,,,,
68713942,110,5022,-1,3/13/2026,,,,,,,,,
68711300,110,5021,-1,3/13/2026,,,,,,,,,
68711969,110,5043,-1,3/13/2026,,,,,,,,,
68692981,110,5022,-1,3/13/2026,,,,,,,,,
68484556,110,5046,-1,3/13/2026,,,,,,,,,
68708456,110,5021,-1,3/13/2026,,,,,,,,,
68695817,110,5001,-1,3/12/2026,,,,,,,,,
68701308,110,5021,-1,3/12/2026,,,,,,,,,
68700438,110,5023,-1,3/12/2026,,,,,,,,,
68700871,110,5021,-1,3/12/2026,,,,,,,,,
68667143,110,5039,-1,3/12/2026,,,,,,,,,
68700830,110,5021,-1,3/12/2026,,,,,,,,,
68690623,110,5021,-1,3/11/2026,,,,,,,,,
68688528,110,5021,-1,3/11/2026,,,,,,,,,
68690366,110,5021,-1,3/11/2026,,,,,,,,,
68679847,110,5023,-1,3/10/2026,,,,,,,,,
68682432,110,5021,-1,3/10/2026,,,,,,,,,
68670287,110,5021,-1,3/9/2026,,,,,,,,,
68669433,110,5041,-1,3/9/2026,,,,,,,,,
68668182,110,5061,-1,3/9/2026,,,,,,,,,
68672931,110,5032,-1,3/9/2026,,,,,,,,,
68667188,110,5021,-1,3/9/2026,,,,,,,,,
68668985,110,5001,-1,3/9/2026,,,,,,,,,
68670067,110,5021,-1,3/9/2026,,,,,,,,,
68668568,110,5030,-1,3/9/2026,,,,,,,,,
68668803,110,5025,-1,3/9/2026,,,,,,,,,
68648519,110,5023,-1,3/7/2026,,,,,,,,,
68661999,110,5011,-1,3/7/2026,,,,,,,,,
68659538,110,5021,-1,3/7/2026,,,,,,,,,
68656006,110,5021,-1,3/6/2026,,,,,,,,,
68656017,110,5041,-1,3/6/2026,,,,,,,,,
68657634,110,5021,-1,3/6/2026,,,,,,,,,
68555267,110,5021,1,3/6/2026,,,,,,,,,
68655484,110,5021,-1,3/6/2026,,,,,,,,,
68592614,110,5021,1,3/6/2026,,,,,,,,,
68646293,110,5030,-1,3/5/2026,,,,,,,,,
68644561,110,5030,-1,3/5/2026,,,,,,,,,
68645042,110,5021,-1,3/5/2026,,,,,,,,,
68644547,110,5030,-1,3/5/2026,,,,,,,,,
68648130,110,5041,-1,3/5/2026,,,,,,,,,
68635049,110,5041,-1,3/4/2026,,,,,,,,,
68609074,110,5030,-1,3/3/2026,,,,,,,,,
68610357,110,5030,-1,3/3/2026,,,,,,,,,
68617592,110,5041,-1,3/3/2026,,,,,,,,,
68624577,110,5030,-1,3/3/2026,,,,,,,,,
68624671,110,5022,-1,3/3/2026,,,,,,,,,
68619449,110,5043,-1,3/3/2026,,,,,,,,,
68293451,110,5046,-1,3/3/2026,,,,,,,,,
68611754,110,5023,-1,3/2/2026,,,,,,,,,
68614909,110,5043,-1,3/2/2026,,,,,,,,,
68582970,110,5022,-1,3/2/2026,,,,,,,,,
68614039,110,5049,-1,3/2/2026,,,,,,,,,
68613337,110,5023,-1,3/2/2026,,,,,,,,,
68591077,110,5003,-1,3/1/2026,,,,,,,,,
69083150,110,5041,-1,4/30/2026,,,,,,,,,
69076302,110,5021,-1,4/30/2026,,,,,,,,,
69081318,110,5023,-1,4/30/2026,,,,,,,,,
69072903,110,5021,-1,4/30/2026,,,,,,,,,
69082203,110,5010,-1,4/30/2026,,,,,,,,,
69074631,110,5021,-1,4/30/2026,,,,,,,,,
69048776,110,5021,1,4/30/2026,,,,,,,,,
69071368,110,5021,-1,4/30/2026,,,,,,,,,
69063829,110,5022,-1,4/29/2026,,,,,,,,,
69072755,110,5041,-1,4/29/2026,,,,,,,,,
69064131,110,5023,-1,4/29/2026,,,,,,,,,
69063979,110,5022,-1,4/29/2026,,,,,,,,,
69044983,110,5023,-1,4/29/2026,,,,,,,,,
68714559,110,5046,-1,4/28/2026,,,,,,,,,
69058352,110,5022,-1,4/28/2026,,,,,,,,,
68484567,110,5046,-1,4/28/2026,,,,,,,,,
69064405,110,5033,-1,4/28/2026,,,,,,,,,
69060943,110,5023,-1,4/28/2026,,,,,,,,,
69061514,110,5024,-1,4/28/2026,,,,,,,,,
69062865,110,5021,-1,4/28/2026,,,,,,,,,
69060985,110,5001,-1,4/28/2026,,,,,,,,,
69047957,110,5021,-1,4/27/2026,,,,,,,,,
69048500,110,5023,-1,4/27/2026,,,,,,,,,
69048721,110,5023,-1,4/27/2026,,,,,,,,,
69048776,110,5021,-1,4/27/2026,,,,,,,,,
69048133,110,5030,-1,4/27/2026,,,,,,,,,
69051066,110,5030,-1,4/27/2026,,,,,,,,,
69042194,110,5022,-1,4/25/2026,,,,,,,,,
69045206,110,5021,-1,4/25/2026,,,,,,,,,
69045501,110,5021,-1,4/25/2026,,,,,,,,,
69038345,110,5030,-1,4/25/2026,,,,,,,,,
69027618,110,5003,-1,4/24/2026,,,,,,,,,
69039199,110,5023,-1,4/24/2026,,,,,,,,,
68997151,110,5030,-1,4/24/2026,,,,,,,,,
69028114,110,5030,-1,4/23/2026,,,,,,,,,
68897490,110,5021,1,4/23/2026,,,,,,,,,
69028090,110,5030,-1,4/23/2026,,,,,,,,,
68946927,110,5021,1,4/23/2026,,,,,,,,,
69013728,110,5039,-1,4/22/2026,,,,,,,,,
69012705,110,5022,-1,4/22/2026,,,,,,,,,
69012455,110,5030,-1,4/22/2026,,,,,,,,,
69016878,110,5021,-1,4/22/2026,,,,,,,,,
69012713,110,5021,-1,4/22/2026,,,,,,,,,
69017679,110,5011,-1,4/22/2026,,,,,,,,,
69015844,110,5023,-1,4/22/2026,,,,,,,,,
69017023,110,5021,-1,4/22/2026,,,,,,,,,
68998096,110,5032,-1,4/21/2026,,,,,,,,,
69005494,110,5023,-1,4/21/2026,,,,,,,,,
69006059,110,5041,-1,4/21/2026,,,,,,,,,
69005713,110,5021,-1,4/21/2026,,,,,,,,,
68995628,110,5023,-1,4/21/2026,,,,,,,,,
69006227,110,5021,-1,4/21/2026,,,,,,,,,
69008282,110,5030,-1,4/21/2026,,,,,,,,,
68993383,110,5022,-1,4/20/2026,,,,,,,,,
68993355,110,5021,-1,4/20/2026,,,,,,,,,
68993952,110,5021,-1,4/20/2026,,,,,,,,,
68994475,110,5001,-1,4/20/2026,,,,,,,,,
68748479,110,5001,1,4/18/2026,,,,,,,,,
68985921,110,5021,-1,4/18/2026,,,,,,,,,
68980762,110,5021,-1,4/17/2026,,,,,,,,,
68984081,110,5030,-1,4/17/2026,,,,,,,,,
68871176,110,5041,-1,4/16/2026,,,,,,,,,
68918333,110,5024,-1,4/16/2026,,,,,,,,,
68971578,110,5041,-1,4/16/2026,,,,,,,,,
68591077,110,5003,1,4/16/2026,,,,,,,,,
68970711,110,5021,-1,4/16/2026,,,,,,,,,
68973445,110,5030,-1,4/16/2026,,,,,,,,,
68952974,110,5041,-1,4/15/2026,,,,,,,,,
68961429,110,5021,-1,4/15/2026,,,,,,,,,
68957899,110,5021,-1,4/15/2026,,,,,,,,,
68960364,110,5022,-1,4/15/2026,,,,,,,,,
68957001,110,5022,-1,4/15/2026,,,,,,,,,
68961664,110,5021,-1,4/15/2026,,,,,,,,,
68940461,110,5023,-1,4/15/2026,,,,,,,,,
68879767,110,5023,1,4/14/2026,,,,,,,,,
68949188,110,5030,-1,4/14/2026,,,,,,,,,
68946927,110,5021,-1,4/14/2026,,,,,,,,,
68950603,110,5010,-1,4/14/2026,,,,,,,,,
68941333,110,5021,-1,4/14/2026,,,,,,,,,
68952360,110,5021,-1,4/14/2026,,,,,,,,,
68946910,110,5022,-1,4/14/2026,,,,,,,,,
68939146,110,5001,-1,4/13/2026,,,,,,,,,
68928245,110,5022,-1,4/13/2026,,,,,,,,,
68937336,110,5023,-1,4/13/2026,,,,,,,,,
68882901,110,5021,-1,4/13/2026,,,,,,,,,
68873391,110,5041,-1,4/13/2026,,,,,,,,,
68937944,110,5021,-1,4/13/2026,,,,,,,,,
68941748,110,5030,-1,4/13/2026,,,,,,,,,
68929880,110,5021,-1,4/13/2026,,,,,,,,,
68929473,110,5022,-1,4/11/2026,,,,,,,,,
68935835,110,5021,-1,4/11/2026,,,,,,,,,
68935566,110,5043,-1,4/11/2026,,,,,,,,,
68920500,110,5030,-1,4/10/2026,,,,,,,,,
68923431,110,5021,-1,4/10/2026,,,,,,,,,
68928089,110,5021,-1,4/10/2026,,,,,,,,,
68928099,110,5030,-1,4/10/2026,,,,,,,,,
68922761,110,5022,-1,4/10/2026,,,,,,,,,
68839450,110,5043,1,4/10/2026,,,,,,,,,
68859981,110,5041,-1,4/9/2026,,,,,,,,,
68888023,110,5024,-1,4/8/2026,,,,,,,,,
68895180,110,5021,-1,4/7/2026,,,,,,,,,
68897490,110,5021,-1,4/7/2026,,,,,,,,,
68896060,110,5030,-1,4/7/2026,,,,,,,,,
68881599,110,5041,-1,4/7/2026,,,,,,,,,
68896559,110,5041,-1,4/7/2026,,,,,,,,,
68884564,110,5049,-1,4/7/2026,,,,,,,,,
68887076,110,5021,-1,4/6/2026,,,,,,,,,
68711300,110,5021,1,4/6/2026,,,,,,,,,
68887667,110,5009,-1,4/6/2026,,,,,,,,,
68882304,110,5001,-1,4/6/2026,,,,,,,,,
68852571,110,5021,1,4/6/2026,,,,,,,,,
68882832,110,5021,-1,4/4/2026,,,,,,,,,
68870410,110,5021,-1,4/4/2026,,,,,,,,,
68859923,110,5021,-1,4/4/2026,,,,,,,,,
68884275,110,5023,-1,4/4/2026,,,,,,,,,
68870633,110,5042,-1,4/4/2026,,,,,,,,,
68882312,110,5022,-1,4/4/2026,,,,,,,,,
68881157,110,5030,-1,4/3/2026,,,,,,,,,
68870285,110,5030,-1,4/3/2026,,,,,,,,,
68871047,110,5014,-1,4/3/2026,,,,,,,,,
68879767,110,5023,-1,4/3/2026,,,,,,,,,
68880165,110,5023,-1,4/3/2026,,,,,,,,,
68870441,110,5023,-1,4/3/2026,,,,,,,,,
68864767,110,5030,-1,4/3/2026,,,,,,,,,
68850245,110,5001,-1,4/3/2026,,,,,,,,,
68877069,110,5043,-1,4/3/2026,,,,,,,,,
57518908,110,5003,-1,1/13/2025,,,,,,,,,
57553869,110,5011,-1,1/17/2025,,,,,,,,,
57546400,110,5033,-1,1/18/2025,,,,,,,,,
57636015,110,5011,-1,1/31/2025,,,,,,,,,
57654876,110,5033,-1,2/3/2025,,,,,,,,,
57602294,110,5033,-1,2/5/2025,,,,,,,,,
57677707,110,50BK,-1,2/6/2025,,,,,,,,,
57676661,110,50BK,-1,2/6/2025,,,,,,,,,
57677315,110,50BK,-1,2/6/2025,,,,,,,,,
57676743,110,50BK,-1,2/6/2025,,,,,,,,,
57677159,110,50BK,-1,2/6/2025,,,,,,,,,
57677867,110,50BK,-1,2/6/2025,,,,,,,,,
57677983,110,50BK,-1,2/6/2025,,,,,,,,,
57676868,110,50BK,-1,2/6/2025,,,,,,,,,
57677552,110,50BK,-1,2/6/2025,,,,,,,,,
57706517,110,5061,-1,2/10/2025,,,,,,,,,
57687529,110,50BK,-1,2/12/2025,,,,,,,,,
57687801,110,50BK,-1,2/12/2025,,,,,,,,,
57687747,110,50BK,-1,2/12/2025,,,,,,,,,
57688315,110,50BK,-1,2/12/2025,,,,,,,,,
57729825,110,5043,-1,2/12/2025,,,,,,,,,
57687633,110,50BK,-1,2/12/2025,,,,,,,,,
57687353,110,50BK,-1,2/12/2025,,,,,,,,,
57726246,110,5001,-1,2/12/2025,,,,,,,,,
57687282,110,50BK,-1,2/12/2025,,,,,,,,,
57687409,110,50BK,-1,2/12/2025,,,,,,,,,
57687278,110,50BK,-1,2/12/2025,,,,,,,,,
57687630,110,50BK,-1,2/12/2025,,,,,,,,,
57687346,110,50BK,-1,2/12/2025,,,,,,,,,
57687459,110,50BK,-1,2/12/2025,,,,,,,,,
57687285,110,50BK,-1,2/12/2025,,,,,,,,,
57687852,110,50BK,-1,2/12/2025,,,,,,,,,
57723446,110,50BK,-1,2/12/2025,,,,,,,,,
57687687,110,50BK,-1,2/12/2025,,,,,,,,,
57733594,110,5001,-1,2/13/2025,,,,,,,,,
57704920,110,5005,-1,2/19/2025,,,,,,,,,
57751856,110,5003,-1,2/19/2025,,,,,,,,,
57799401,110,5003,-1,2/21/2025,,,,,,,,,
57812931,110,5033,-1,2/25/2025,,,,,,,,,
57896250,110,5033,-1,3/7/2025,,,,,,,,,
57932061,110,5021,-1,3/13/2025,,,,,,,,,
57952212,110,5030,-1,3/15/2025,,,,,,,,,
57927491,110,5030,-1,3/15/2025,,,,,,,,,
57967704,110,5003,-1,3/18/2025,,,,,,,,,
57987767,110,5021,-1,3/20/2025,,,,,,,,,
58003244,110,5021,-1,3/23/2025,,,,,,,,,
57927491,110,5030,1,3/26/2025,,,,,,,,,
58027250,110,5021,-1,3/26/2025,,,,,,,,,
58021901,110,5041,-1,3/26/2025,,,,,,,,,
58003244,110,5021,1,3/27/2025,,,,,,,,,
58046108,110,5021,-1,3/28/2025,,,,,,,,,
58047426,110,5030,-1,3/28/2025,,,,,,,,,
58049182,110,5021,-1,3/29/2025,,,,,,,,,
58053572,110,5021,-1,3/29/2025,,,,,,,,,
58049737,110,5043,-1,3/31/2025,,,,,,,,,
58082932,110,5030,-1,4/4/2025,,,,,,,,,
58065926,110,5021,-1,4/5/2025,,,,,,,,,
58094318,110,5021,-1,4/5/2025,,,,,,,,,
58066610,110,5021,-1,4/5/2025,,,,,,,,,
58094160,110,5021,-1,4/5/2025,,,,,,,,,
58056053,110,5021,-1,4/5/2025,,,,,,,,,
58066570,110,5021,-1,4/5/2025,,,,,,,,,
58101562,110,5021,-1,4/5/2025,,,,,,,,,
58075844,110,5021,-1,4/5/2025,,,,,,,,,
58076236,110,5021,-1,4/5/2025,,,,,,,,,
58101738,110,5021,-1,4/5/2025,,,,,,,,,
58057920,110,5021,-1,4/5/2025,,,,,,,,,
58064654,110,5021,-1,4/5/2025,,,,,,,,,
58083988,110,5021,-1,4/7/2025,,,,,,,,,
58101682,110,5021,-1,4/7/2025,,,,,,,,,
57047426,110,5030,1,4/7/2025,,,,,,,,,
58067635,110,5022,-1,4/7/2025,,,,,,,,,
58104796,110,5021,-1,4/7/2025,,,,,,,,,
58128124,110,5021,-1,4/9/2025,,,,,,,,,
58114880,110,5021,-1,4/9/2025,,,,,,,,,
58117593,110,5041,-1,4/9/2025,,,,,,,,,
58150945,110,5021,-1,4/12/2025,,,,,,,,,
58084502,110,5021,-1,4/12/2025,,,,,,,,,
58094318,110,5021,1,4/12/2025,,,,,,,,,
58153247,110,5021,-1,4/14/2025,,,,,,,,,
58156123,110,5021,-1,4/14/2025,,,,,,,,,
58154206,110,5023,-1,4/15/2025,,,,,,,,,
58165138,110,5021,-1,4/16/2025,,,,,,,,,
58165457,110,5021,-1,4/16/2025,,,,,,,,,
58161006,110,5021,-1,4/16/2025,,,,,,,,,
58171983,110,5023,-1,4/16/2025,,,,,,,,,
58183283,110,5061,-1,4/17/2025,,,,,,,,,
58188039,110,5021,-1,4/18/2025,,,,,,,,,
58187993,110,5021,-1,4/18/2025,,,,,,,,,
58190513,110,5021,-1,4/21/2025,,,,,,,,,
58177852,110,5021,-1,4/21/2025,,,,,,,,,
58177087,110,5021,-1,4/21/2025,,,,,,,,,
58161006,110,5021,1,4/21/2025,,,,,,,,,
58198511,110,5021,-1,4/22/2025,,,,,,,,,
58207760,110,5021,-1,4/23/2025,,,,,,,,,
58208162,110,5021,-1,4/23/2025,,,,,,,,,
58207354,110,5021,-1,4/23/2025,,,,,,,,,
58217052,110,5021,-1,4/25/2025,,,,,,,,,
58225623,110,5023,-1,4/25/2025,,,,,,,,,
58216667,110,5021,-1,4/25/2025,,,,,,,,,
58225972,110,5042,-1,4/25/2025,,,,,,,,,
58240792,110,5043,-1,4/28/2025,,,,,,,,,
58238520,110,5021,-1,4/28/2025,,,,,,,,,
58066570,110,5021,1,4/29/2025,,,,,,,,,
58256883,110,5021,-1,4/30/2025,,,,,,,,,
58254451,110,5021,-1,4/30/2025,,,,,,,,,
58255836,110,5021,-1,4/30/2025,,,,,,,,,
58249706,110,5021,-1,4/30/2025,,,,,,,,,
58171983,110,5023,1,4/30/2025,,,,,,,,,
58259779,110,5043,-1,4/30/2025,,,,,,,,,
58267565,110,5061,-1,5/2/2025,,,,,,,,,
58261438,110,5030,-1,5/2/2025,,,,,,,,,
58263651,110,5022,-1,5/3/2025,,,,,,,,,
58272473,110,5021,-1,5/3/2025,,,,,,,,,
58268749,110,5030,-1,5/3/2025,,,,,,,,,
58266051,110,5021,-1,5/3/2025,,,,,,,,,
58272631,110,5030,-1,5/3/2025,,,,,,,,,
58271719,110,5030,-1,5/3/2025,,,,,,,,,
58272035,110,5021,-1,5/4/2025,,,,,,,,,
58266051,110,5021,1,5/5/2025,,,,,,,,,
58187993,110,5021,1,5/5/2025,,,,,,,,,
58275765,110,5061,-1,5/5/2025,,,,,,,,,
58268436,110,5024,-1,5/5/2025,,,,,,,,,
58274833,110,5022,-1,5/5/2025,,,,,,,,,
58274820,110,5030,-1,5/5/2025,,,,,,,,,
58276927,110,5021,-1,5/6/2025,,,,,,,,,
58275225,110,5021,-1,5/6/2025,,,,,,,,,
58275209,110,5021,-1,5/6/2025,,,,,,,,,
58275163,110,5021,-1,5/6/2025,,,,,,,,,
58284676,110,5021,-1,5/6/2025,,,,,,,,,
58275161,110,5021,-1,5/6/2025,,,,,,,,,
58285753,110,5030,-1,5/6/2025,,,,,,,,,
58266848,110,5024,-1,5/7/2025,,,,,,,,,
58285237,110,5005,-1,5/7/2025,,,,,,,,,
58289512,110,5041,-1,5/7/2025,,,,,,,,,
58292374,110,5021,-1,5/7/2025,,,,,,,,,
58293623,110,5021,-1,5/7/2025,,,,,,,,,
58298670,110,5021,-1,5/8/2025,,,,,,,,,
58297063,110,5021,-1,5/8/2025,,,,,,,,,
58304542,110,5064,-1,5/8/2025,,,,,,,,,
58305841,110,5021,-1,5/8/2025,,,,,,,,,
58296904,110,5024,-1,5/8/2025,,,,,,,,,
58312226,110,5021,-1,5/9/2025,,,,,,,,,
58255836,110,5021,1,5/9/2025,,,,,,,,,
58311909,110,5021,-1,5/9/2025,,,,,,,,,
58307829,110,5030,-1,5/9/2025,,,,,,,,,
58114880,110,5021,1,5/10/2025,,,,,,,,,
58319479,110,5042,-1,5/10/2025,,,,,,,,,
58319820,110,5041,-1,5/10/2025,,,,,,,,,
58312954,110,5041,-1,5/10/2025,,,,,,,,,
58293623,110,5021,1,5/10/2025,,,,,,,,,
58303258,110,5023,-1,5/10/2025,,,,,,,,,
58324369,110,5041,-1,5/12/2025,,,,,,,,,
58321926,110,5030,-1,5/12/2025,,,,,,,,,
58322392,110,5030,-1,5/12/2025,,,,,,,,,
58320043,110,5022,-1,5/12/2025,,,,,,,,,
58307133,110,5039,-1,5/12/2025,,,,,,,,,
58323728,110,5001,-1,5/12/2025,,,,,,,,,
58300578,110,5010,-1,5/12/2025,,,,,,,,,
58324805,110,5021,-1,5/12/2025,,,,,,,,,
58332228,110,5041,-1,5/13/2025,,,,,,,,,
58327721,110,5021,-1,5/13/2025,,,,,,,,,
58330752,110,5021,-1,5/13/2025,,,,,,,,,
58327842,110,5001,-1,5/13/2025,,,,,,,,,
58335391,110,5021,-1,5/13/2025,,,,,,,,,
58344297,110,5001,-1,5/14/2025,,,,,,,,,
58344472,110,5022,-1,5/14/2025,,,,,,,,,
58342516,110,5021,-1,5/14/2025,,,,,,,,,
58335122,110,5001,-1,5/14/2025,,,,,,,,,
58350860,110,5022,-1,5/15/2025,,,,,,,,,
58348245,110,5041,-1,5/15/2025,,,,,,,,,
58351521,110,5001,-1,5/15/2025,,,,,,,,,
58351657,110,5023,-1,5/15/2025,,,,,,,,,
58348991,110,5030,-1,5/15/2025,,,,,,,,,
58274950,110,5030,1,5/16/2025,,,,,,,,,
58359485,110,5041,-1,5/16/2025,,,,,,,,,
58322811,110,5030,-1,5/16/2025,,,,,,,,,
58362164,110,5030,-1,5/16/2025,,,,,,,,,
58360166,110,5021,-1,5/16/2025,,,,,,,,,
58359132,110,5023,-1,5/16/2025,,,,,,,,,
58198511,110,5021,1,5/16/2025,,,,,,,,,
58368342,110,5041,-1,5/17/2025,,,,,,,,,
58361796,110,5041,-1,5/17/2025,,,,,,,,,
58362521,110,5030,-1,5/17/2025,,,,,,,,,
58368367,110,5030,-1,5/17/2025,,,,,,,,,
58367520,110,5021,-1,5/17/2025,,,,,,,,,
58363545,110,5001,-1,5/19/2025,,,,,,,,,
58373606,110,5021,-1,5/19/2025,,,,,,,,,
58371301,110,5021,-1,5/19/2025,,,,,,,,,
58363575,110,5001,-1,5/19/2025,,,,,,,,,
58357563,110,5023,-1,5/19/2025,,,,,,,,,
58369929,110,5030,-1,5/19/2025,,,,,,,,,
58367658,110,5001,-1,5/19/2025,,,,,,,,,
58379200,110,5061,-1,5/20/2025,,,,,,,,,
58381955,110,5041,-1,5/20/2025,,,,,,,,,
58381516,110,5030,-1,5/20/2025,,,,,,,,,
58381837,110,5030,-1,5/20/2025,,,,,,,,,
58392386,110,5042,-1,5/21/2025,,,,,,,,,
58392785,110,5030,-1,5/21/2025,,,,,,,,,
58383528,110,5042,-1,5/21/2025,,,,,,,,,
58384090,110,5021,-1,5/21/2025,,,,,,,,,
58385094,110,5023,-1,5/21/2025,,,,,,,,,
58359939,110,5046,-1,5/21/2025,,,,,,,,,
58392947,110,5039,-1,5/21/2025,,,,,,,,,
58384066,110,5021,-1,5/21/2025,,,,,,,,,
58401330,110,5001,-1,5/22/2025,,,,,,,,,
58399793,110,5021,-1,5/22/2025,,,,,,,,,
58400062,110,5030,-1,5/22/2025,,,,,,,,,
58360166,110,5021,1,5/22/2025,,,,,,,,,
58399796,110,5021,-1,5/22/2025,,,,,,,,,
58391913,110,5022,-1,5/22/2025,,,,,,,,,
58393661,110,5021,-1,5/22/2025,,,,,,,,,
58411483,110,5030,-1,5/23/2025,,,,,,,,,
58359132,110,5023,1,5/24/2025,,,,,,,,,
58413162,110,5030,-1,5/24/2025,,,,,,,,,
58417688,110,5030,-1,5/24/2025,,,,,,,,,
58418576,110,5030,-1,5/24/2025,,,,,,,,,
58417690,110,5030,-1,5/24/2025,,,,,,,,,
58421863,110,5042,-1,5/26/2025,,,,,,,,,
58420956,110,5030,-1,5/26/2025,,,,,,,,,
58399796,110,5021,1,5/27/2025,,,,,,,,,
58430995,110,5021,-1,5/27/2025,,,,,,,,,
58424286,110,5030,-1,5/28/2025,,,,,,,,,
58439711,110,5021,-1,5/28/2025,,,,,,,,,
58412875,110,5010,-1,5/28/2025,,,,,,,,,
58440101,110,5021,-1,5/28/2025,,,,,,,,,
58441114,110,5001,-1,5/28/2025,,,,,,,,,
58440332,110,5021,-1,5/28/2025,,,,,,,,,
58443109,110,5021,-1,5/28/2025,,,,,,,,,
58442905,110,5030,-1,5/28/2025,,,,,,,,,
58417688,110,5030,1,5/28/2025,,,,,,,,,
58449216,110,5021,-1,5/29/2025,,,,,,,,,
58449556,110,5021,-1,5/29/2025,,,,,,,,,
58451342,110,5021,-1,5/29/2025,,,,,,,,,
58384090,110,5021,1,5/29/2025,,,,,,,,,
58450296,110,5022,-1,5/29/2025,,,,,,,,,
58431644,110,5001,-1,5/29/2025,,,,,,,,,
58442484,110,5001,-1,5/30/2025,,,,,,,,,
58446800,110,5001,-1,5/30/2025,,,,,,,,,
58446843,110,5022,-1,5/30/2025,,,,,,,,,
58456460,110,5030,-1,5/30/2025,,,,,,,,,
58460228,110,5036,-1,5/30/2025,,,,,,,,,
58455970,110,5001,-1,5/31/2025,,,,,,,,,
58452232,110,5004,-1,5/31/2025,,,,,,,,,
58463926,110,5030,-1,5/31/2025,,,,,,,,,
58463564,110,5030,-1,5/31/2025,,,,,,,,,
58467480,110,5021,-1,6/2/2025,,,,,,,,,
58467200,110,5032,-1,6/2/2025,,,,,,,,,
58463750,110,5021,-1,6/2/2025,,,,,,,,,
58467456,110,5021,-1,6/2/2025,,,,,,,,,
58467741,110,5030,-1,6/2/2025,,,,,,,,,
58467560,110,5023,-1,6/2/2025,,,,,,,,,
58467423,110,5021,-1,6/2/2025,,,,,,,,,
58467495,110,5030,-1,6/2/2025,,,,,,,,,
58439711,110,5021,1,6/2/2025,,,,,,,,,
58476117,110,5030,-1,6/3/2025,,,,,,,,,
58471816,110,5030,-1,6/3/2025,,,,,,,,,
58423513,110,5049,-1,6/3/2025,,,,,,,,,
58470249,110,5021,-1,6/3/2025,,,,,,,,,
58486784,110,5030,-1,6/4/2025,,,,,,,,,
58488788,110,5001,-1,6/4/2025,,,,,,,,,
58487175,110,5041,-1,6/4/2025,,,,,,,,,
58495956,110,5023,-1,6/5/2025,,,,,,,,,
58458705,110,5023,-1,6/5/2025,,,,,,,,,
58498708,110,5023,-1,6/5/2025,,,,,,,,,
58496026,110,5030,-1,6/5/2025,,,,,,,,,
58499094,110,5046,-1,6/5/2025,,,,,,,,,
58499066,110,5046,-1,6/5/2025,,,,,,,,,
58505680,110,5021,-1,6/6/2025,,,,,,,,,
58478797,110,5039,-1,6/6/2025,,,,,,,,,
58505792,110,5023,-1,6/6/2025,,,,,,,,,
58505703,110,5021,-1,6/6/2025,,,,,,,,,
58498901,110,5021,-1,6/6/2025,,,,,,,,,
58506746,110,5030,-1,6/6/2025,,,,,,,,,
58488119,110,5044,-1,6/6/2025,,,,,,,,,
58507729,110,5021,-1,6/6/2025,,,,,,,,,
58509498,110,5030,-1,6/7/2025,,,,,,,,,
58505923,110,5021,-1,6/8/2025,,,,,,,,,
58518302,110,5023,-1,6/9/2025,,,,,,,,,
58516595,110,5030,-1,6/9/2025,,,,,,,,,
58516999,110,5021,-1,6/9/2025,,,,,,,,,
58516602,110,5030,-1,6/9/2025,,,,,,,,,
58516682,110,5030,-1,6/9/2025,,,,,,,,,
58513851,110,5041,-1,6/9/2025,,,,,,,,,
58527585,110,5005,-1,6/10/2025,,,,,,,,,
58526728,110,5030,-1,6/10/2025,,,,,,,,,
58526438,110,5043,-1,6/10/2025,,,,,,,,,
58524776,110,5023,-1,6/10/2025,,,,,,,,,
58534312,110,5023,-1,6/11/2025,,,,,,,,,
58543632,110,5023,-1,6/12/2025,,,,,,,,,
58532007,110,5021,-1,6/12/2025,,,,,,,,,
57812931,110,5033,1,6/12/2025,,,,,,,,,
58540980,110,5041,-1,6/12/2025,,,,,,,,,
58464238,110,5004,-1,6/12/2025,,,,,,,,,
58543668,110,5021,-1,6/12/2025,,,,,,,,,
58549473,110,5021,-1,6/13/2025,,,,,,,,,
58552340,110,5021,-1,6/13/2025,,,,,,,,,
58552950,110,5030,-1,6/13/2025,,,,,,,,,
58551119,110,5021,-1,6/13/2025,,,,,,,,,
58555172,110,5021,-1,6/13/2025,,,,,,,,,
58552528,110,5023,-1,6/14/2025,,,,,,,,,
58558849,110,5021,-1,6/14/2025,,,,,,,,,
58561136,110,5021,-1,6/14/2025,,,,,,,,,
58560343,110,5021,-1,6/14/2025,,,,,,,,,
58560555,110,5023,-1,6/14/2025,,,,,,,,,
58560685,110,5030,-1,6/14/2025,,,,,,,,,
58344472,110,5022,1,6/15/2025,,,,,,,,,
58561948,110,5001,-1,6/16/2025,,,,,,,,,
58566781,110,5021,-1,6/16/2025,,,,,,,,,
58575213,110,5001,-1,6/17/2025,,,,,,,,,
58576190,110,5022,-1,6/17/2025,,,,,,,,,
58566055,110,5042,-1,6/17/2025,,,,,,,,,
58577015,110,5021,-1,6/17/2025,,,,,,,,,
58567083,110,5041,-1,6/17/2025,,,,,,,,,
58576277,110,5046,-1,6/17/2025,,,,,,,,,
58561781,110,5046,-1,6/17/2025,,,,,,,,,
58576684,110,5030,-1,6/17/2025,,,,,,,,,
58584017,110,5021,-1,6/18/2025,,,,,,,,,
58584082,110,5021,-1,6/18/2025,,,,,,,,,
58585644,110,5021,-1,6/18/2025,,,,,,,,,
58585124,110,5042,-1,6/18/2025,,,,,,,,,
58586579,110,5030,-1,6/18/2025,,,,,,,,,
58584343,110,5023,-1,6/18/2025,,,,,,,,,
58592232,110,5042,-1,6/19/2025,,,,,,,,,
58594528,110,5021,-1,6/19/2025,,,,,,,,,
58583834,110,5001,-1,6/19/2025,,,,,,,,,
58561136,110,5021,1,6/19/2025,,,,,,,,,
58592284,110,5042,-1,6/19/2025,,,,,,,,,
58594435,110,5021,-1,6/19/2025,,,,,,,,,
58440332,110,5021,1,6/19/2025,,,,,,,,,
58599374,110,5021,-1,6/20/2025,,,,,,,,,
58599472,110,5021,-1,6/20/2025,,,,,,,,,
58600422,110,5023,-1,6/20/2025,,,,,,,,,
58610246,110,5021,-1,6/21/2025,,,,,,,,,
58610207,110,5021,-1,6/21/2025,,,,,,,,,
58609546,110,5021,-1,6/21/2025,,,,,,,,,
58595545,110,5001,-1,6/21/2025,,,,,,,,,
58614063,110,5041,-1,6/23/2025,,,,,,,,,
58610504,110,5033,-1,6/23/2025,,,,,,,,,
58613641,110,5021,-1,6/23/2025,,,,,,,,,
58612255,110,5021,-1,6/23/2025,,,,,,,,,
58616718,110,5021,-1,6/24/2025,,,,,,,,,
58623928,110,5023,-1,6/24/2025,,,,,,,,,
58623599,110,5023,-1,6/24/2025,,,,,,,,,
58625574,110,5030,-1,6/24/2025,,,,,,,,,
58623424,110,5023,-1,6/24/2025,,,,,,,,,
58626202,110,5021,-1,6/24/2025,,,,,,,,,
58527585,110,5005,1,6/25/2025,,,,,,,,,
58610246,110,5021,1,6/25/2025,,,,,,,,,
58603441,110,5041,-1,6/25/2025,,,,,,,,,
58643435,110,5023,-1,6/26/2025,,,,,,,,,
58552946,110,5023,-1,6/26/2025,,,,,,,,,
58641647,110,5001,-1,6/26/2025,,,,,,,,,
58446843,110,5022,1,6/27/2025,,,,,,,,,
58651818,110,5030,-1,6/27/2025,,,,,,,,,
58651800,110,5030,-1,6/27/2025,,,,,,,,,
58652233,110,5021,-1,6/27/2025,,,,,,,,,
58629059,110,5028,-1,6/27/2025,,,,,,,,,
58647995,110,5023,-1,6/27/2025,,,,,,,,,
58629119,110,5028,-1,6/27/2025,,,,,,,,,
58653040,110,5039,-1,6/27/2025,,,,,,,,,
58649246,110,5030,-1,6/27/2025,,,,,,,,,
58613641,110,5021,1,6/27/2025,,,,,,,,,
58645948,110,5021,-1,6/27/2025,,,,,,,,,
58652297,110,5021,-1,6/27/2025,,,,,,,,,
58659928,110,5030,-1,6/28/2025,,,,,,,,,
58660260,110,5010,-1,6/28/2025,,,,,,,,,
58660645,110,5021,-1,6/28/2025,,,,,,,,,
58659876,110,5023,-1,6/28/2025,,,,,,,,,
58659587,110,5021,-1,6/28/2025,,,,,,,,,
99098224,110,5019,-5,6/30/2025,,,,,,,,,
58663046,110,5041,-1,6/30/2025,,,,,,,,,
58614644,110,5024,-1,6/30/2025,,,,,,,,,
58673895,110,5023,-1,7/1/2025,,,,,,,,,
58674326,110,5021,-1,7/1/2025,,,,,,,,,
58603441,110,5041,1,7/1/2025,,,,,,,,,
58671649,110,5021,-1,7/1/2025,,,,,,,,,
58672513,110,5021,-1,7/1/2025,,,,,,,,,
99098224,110,5019,5,7/2/2025,,,,,,,,,
58685667,110,5021,-1,7/2/2025,,,,,,,,,
58684089,110,5023,-1,7/2/2025,,,,,,,,,
99098224,110,5019,-5,7/2/2025,,,,,,,,,
58666046,110,5021,-1,7/2/2025,,,,,,,,,
58697012,110,5021,-1,7/3/2025,,,,,,,,,
58696863,110,5021,-1,7/3/2025,,,,,,,,,
58693943,110,5030,-1,7/3/2025,,,,,,,,,
58693661,110,5021,-1,7/3/2025,,,,,,,,,
58693822,110,5021,-1,7/3/2025,,,,,,,,,
58701584,110,5021,-1,7/4/2025,,,,,,,,,
58704292,110,5021,-1,7/4/2025,,,,,,,,,
58707546,110,5061,-1,7/4/2025,,,,,,,,,
58705887,110,5022,-1,7/4/2025,,,,,,,,,
58711596,110,5021,-1,7/5/2025,,,,,,,,,
58712019,110,5001,-1,7/5/2025,,,,,,,,,
58712114,110,5039,-1,7/7/2025,,,,,,,,,
58714943,110,5021,-1,7/7/2025,,,,,,,,,
58712938,110,5030,-1,7/7/2025,,,,,,,,,
58712845,110,5023,-1,7/7/2025,,,,,,,,,
58728282,110,5021,-1,7/8/2025,,,,,,,,,
58724939,110,5030,-1,7/8/2025,,,,,,,,,
58725739,110,5021,-1,7/8/2025,,,,,,,,,
58720085,110,5022,-1,7/8/2025,,,,,,,,,
58734911,110,5021,-1,7/9/2025,,,,,,,,,
58335391,110,5021,1,7/9/2025,,,,,,,,,
58652297,110,5021,1,7/9/2025,,,,,,,,,
58734704,110,5021,-1,7/9/2025,,,,,,,,,
58330752,110,5021,1,7/9/2025,,,,,,,,,
58507729,110,5021,1,7/9/2025,,,,,,,,,
58672513,110,5021,1,7/9/2025,,,,,,,,,
58729159,110,5044,-1,7/9/2025,,,,,,,,,
58420956,110,5030,1,7/9/2025,,,,,,,,,
58734583,110,5023,-1,7/9/2025,,,,,,,,,
58734607,110,5023,-1,7/9/2025,,,,,,,,,
58743968,110,5022,-1,7/10/2025,,,,,,,,,
58746369,110,5030,-1,7/10/2025,,,,,,,,,
58751133,110,5030,-1,7/11/2025,,,,,,,,,
58742218,110,5021,-1,7/11/2025,,,,,,,,,
58755002,110,5030,-1,7/11/2025,,,,,,,,,
58755501,110,5061,-1,7/11/2025,,,,,,,,,
58761313,110,5022,-1,7/12/2025,,,,,,,,,
58765332,110,5023,-1,7/14/2025,,,,,,,,,
58765031,110,5023,-1,7/14/2025,,,,,,,,,
58764903,110,5030,-1,7/14/2025,,,,,,,,,
58584017,110,5021,1,7/14/2025,,,,,,,,,
58767399,110,5030,-1,7/14/2025,,,,,,,,,
58765706,110,5061,-1,7/14/2025,,,,,,,,,
58750980,110,5022,-1,7/14/2025,,,,,,,,,
58765211,110,5021,-1,7/15/2025,,,,,,,,,
58750980,110,5022,1,7/15/2025,,,,,,,,,
58644226,110,5064,-1,7/15/2025,,,,,,,,,
58785441,110,5041,-1,7/16/2025,,,,,,,,,
58779065,110,5022,-1,7/16/2025,,,,,,,,,
58782824,110,5041,-1,7/16/2025,,,,,,,,,
58783681,110,5001,-1,7/16/2025,,,,,,,,,
58795209,110,5039,-1,7/17/2025,,,,,,,,,
58789764,110,5046,-1,7/17/2025,,,,,,,,,
58793075,110,5021,-1,7/17/2025,,,,,,,,,
58794477,110,5022,-1,7/17/2025,,,,,,,,,
58789455,110,5010,-1,7/17/2025,,,,,,,,,
58685667,110,5021,1,7/17/2025,,,,,,,,,
58795640,110,5023,-1,7/18/2025,,,,,,,,,
58795692,110,5021,-1,7/18/2025,,,,,,,,,
58795956,110,5030,-1,7/18/2025,,,,,,,,,
58793233,110,5021,-1,7/18/2025,,,,,,,,,
58793520,110,5021,-1,7/18/2025,,,,,,,,,
58802917,110,5046,-1,7/19/2025,,,,,,,,,
58812030,110,5030,-1,7/19/2025,,,,,,,,,
58811471,110,5001,-1,7/19/2025,,,,,,,,,
58804577,110,5021,-1,7/19/2025,,,,,,,,,
58815688,110,5041,-1,7/21/2025,,,,,,,,,
58774151,110,5023,-1,7/21/2025,,,,,,,,,
58817872,110,5044,-1,7/21/2025,,,,,,,,,
58816202,110,5042,-1,7/21/2025,,,,,,,,,
58811854,110,5003,-1,7/21/2025,,,,,,,,,
58815219,110,5001,-1,7/21/2025,,,,,,,,,
58813710,110,5021,-1,7/21/2025,,,,,,,,,
58812306,110,5021,-1,7/21/2025,,,,,,,,,
58812042,110,5021,-1,7/21/2025,,,,,,,,,
58814669,110,5021,-1,7/21/2025,,,,,,,,,
58816137,110,5030,-1,7/21/2025,,,,,,,,,
58693822,110,5021,1,7/21/2025,,,,,,,,,
58813695,110,5021,-1,7/21/2025,,,,,,,,,
58811696,110,5021,-1,7/21/2025,,,,,,,,,
58826122,110,5030,-1,7/22/2025,,,,,,,,,
58826185,110,5023,-1,7/22/2025,,,,,,,,,
58825863,110,5023,-1,7/22/2025,,,,,,,,,
58826022,110,5021,-1,7/22/2025,,,,,,,,,
58816735,110,5021,-1,7/22/2025,,,,,,,,,
58825519,110,5021,-1,7/22/2025,,,,,,,,,
58815751,110,5001,-1,7/22/2025,,,,,,,,,
58813766,110,5001,-1,7/22/2025,,,,,,,,,
58833205,110,5022,-1,7/23/2025,,,,,,,,,
58832643,110,5011,-1,7/23/2025,,,,,,,,,
58837270,110,5003,-1,7/23/2025,,,,,,,,,
58833166,110,5022,-1,7/23/2025,,,,,,,,,
58835190,110,5001,-1,7/23/2025,,,,,,,,,
58829511,110,5021,-1,7/23/2025,,,,,,,,,
58838748,110,5001,-1,7/24/2025,,,,,,,,,
58844774,110,5023,-1,7/24/2025,,,,,,,,,
58844628,110,5023,-1,7/24/2025,,,,,,,,,
58854249,110,5041,-1,7/25/2025,,,,,,,,,
58844299,110,5023,-1,7/25/2025,,,,,,,,,
58853054,110,5021,-1,7/25/2025,,,,,,,,,
58847318,110,5023,-1,7/25/2025,,,,,,,,,
58860916,110,5021,-1,7/26/2025,,,,,,,,,
58861292,110,5042,-1,7/26/2025,,,,,,,,,
58860851,110,5030,-1,7/26/2025,,,,,,,,,
58861138,110,5021,-1,7/28/2025,,,,,,,,,
58861116,110,5041,-1,7/28/2025,,,,,,,,,
58864009,110,5021,-1,7/28/2025,,,,,,,,,
58861018,110,5021,-1,7/28/2025,,,,,,,,,
58865147,110,5030,-1,7/28/2025,,,,,,,,,
58864050,110,5011,-1,7/28/2025,,,,,,,,,
58865896,110,5001,-1,7/28/2025,,,,,,,,,
58860829,110,5021,-1,7/28/2025,,,,,,,,,
58861297,110,5042,-1,7/28/2025,,,,,,,,,
58865255,110,5030,-1,7/28/2025,,,,,,,,,
58876642,110,5001,-1,7/29/2025,,,,,,,,,
58883891,110,5021,-1,7/30/2025,,,,,,,,,
58883903,110,5021,-1,7/30/2025,,,,,,,,,
58391913,110,5022,1,7/30/2025,,,,,,,,,
57479290,110,5020,1,7/30/2025,,,,,,,,,
58320043,110,5022,1,7/30/2025,,,,,,,,,
58861732,110,5026,-1,7/30/2025,,,,,,,,,
58765211,110,5021,1,7/31/2025,,,,,,,,,
58888716,110,5021,-1,7/31/2025,,,,,,,,,
58894794,110,5023,-1,7/31/2025,,,,,,,,,
58894081,110,5021,-1,7/31/2025,,,,,,,,,
58894068,110,5030,-1,7/31/2025,,,,,,,,,
58864009,110,5021,1,7/31/2025,,,,,,,,,
58890575,110,5022,-1,7/31/2025,,,,,,,,,
58896932,110,5032,-1,7/31/2025,,,,,,,,,
59124631,110,5030,-1,8/30/2025,,,,,,,,,
59119456,110,5023,-1,8/30/2025,,,,,,,,,
59124650,110,5030,-1,8/30/2025,,,,,,,,,
59067891,110,5046,-1,8/30/2025,,,,,,,,,
59118772,110,5021,-1,8/30/2025,,,,,,,,,
59119253,110,5021,-1,8/30/2025,,,,,,,,,
59125436,110,5021,-1,8/30/2025,,,,,,,,,
59116245,110,5021,-1,8/29/2025,,,,,,,,,
59116015,110,5030,-1,8/29/2025,,,,,,,,,
59117040,110,5010,-1,8/29/2025,,,,,,,,,
59114382,110,5030,-1,8/29/2025,,,,,,,,,
59118887,110,5030,-1,8/29/2025,,,,,,,,,
59106958,110,5021,-1,8/28/2025,,,,,,,,,
59109601,110,5022,-1,8/28/2025,,,,,,,,,
59106398,110,5021,-1,8/28/2025,,,,,,,,,
59017773,110,5061,-1,8/27/2025,,,,,,,,,
58899226,110,5064,-1,8/26/2025,,,,,,,,,
59088373,110,5023,-1,8/26/2025,,,,,,,,,
58899353,110,5064,-1,8/26/2025,,,,,,,,,
59087879,110,5021,-1,8/26/2025,,,,,,,,,
59075353,110,5021,-1,8/25/2025,,,,,,,,,
59077204,110,5021,-1,8/25/2025,,,,,,,,,
59062107,110,5021,-1,8/25/2025,,,,,,,,,
59079936,110,5030,-1,8/25/2025,,,,,,,,,
59056402,110,5022,-1,8/23/2025,,,,,,,,,
59070337,110,5010,-1,8/23/2025,,,,,,,,,
59070780,110,5021,-1,8/23/2025,,,,,,,,,
59073228,110,5030,-1,8/23/2025,,,,,,,,,
59057340,110,5021,-1,8/22/2025,,,,,,,,,
58959904,110,5022,1,8/22/2025,,,,,,,,,
59063328,110,5021,-1,8/22/2025,,,,,,,,,
59057288,110,5041,-1,8/22/2025,,,,,,,,,
59054589,110,5023,-1,8/21/2025,,,,,,,,,
59054463,110,5042,-1,8/21/2025,,,,,,,,,
59047258,110,5030,-1,8/21/2025,,,,,,,,,
58990911,110,5001,-1,8/21/2025,,,,,,,,,
59057199,110,5021,-1,8/21/2025,,,,,,,,,
59054645,110,5023,-1,8/21/2025,,,,,,,,,
59047212,110,5021,-1,8/20/2025,,,,,,,,,
59042091,110,5042,-1,8/20/2025,,,,,,,,,
59000077,110,5023,-1,8/20/2025,,,,,,,,,
58973203,110,5024,-1,8/19/2025,,,,,,,,,
59034160,110,5021,-1,8/19/2025,,,,,,,,,
59036762,110,5003,-1,8/19/2025,,,,,,,,,
58994849,110,5021,1,8/19/2025,,,,,,,,,
59036869,110,5021,-1,8/19/2025,,,,,,,,,
58865312,110,5023,-1,8/19/2025,,,,,,,,,
59017773,110,5061,-1,8/18/2025,,,,,,,,,
59017677,110,5021,-1,8/18/2025,,,,,,,,,
59018850,110,5030,-1,8/18/2025,,,,,,,,,
58973805,110,5021,1,8/18/2025,,,,,,,,,
59015509,110,5030,-1,8/16/2025,,,,,,,,,
59015878,110,5021,-1,8/16/2025,,,,,,,,,
59015854,110,5021,-1,8/16/2025,,,,,,,,,
59012515,110,5022,-1,8/16/2025,,,,,,,,,
58995611,110,5010,-1,8/14/2025,,,,,,,,,
58999895,110,5041,-1,8/14/2025,,,,,,,,,
59001761,110,5061,-1,8/14/2025,,,,,,,,,
59004116,110,5022,-1,8/14/2025,,,,,,,,,
58993020,110,5021,-1,8/14/2025,,,,,,,,,
59000514,110,5030,-1,8/14/2025,,,,,,,,,
59000112,110,5030,-1,8/14/2025,,,,,,,,,
59000345,110,5021,-1,8/14/2025,,,,,,,,,
58993212,110,5021,-1,8/14/2025,,,,,,,,,
58994849,110,5021,-1,8/14/2025,,,,,,,,,
59000179,110,5030,-1,8/14/2025,,,,,,,,,
58998475,110,5042,-1,8/14/2025,,,,,,,,,
58992078,110,5030,-1,8/13/2025,,,,,,,,,
58992039,110,5061,-1,8/13/2025,,,,,,,,,
58983434,110,5021,-1,8/12/2025,,,,,,,,,
58977066,110,5042,-1,8/12/2025,,,,,,,,,
58970626,110,5042,-1,8/12/2025,,,,,,,,,
58971425,110,5023,-1,8/12/2025,,,,,,,,,
58970329,110,5021,-1,8/11/2025,,,,,,,,,
58971438,110,5001,-1,8/11/2025,,,,,,,,,
58973805,110,5021,-1,8/11/2025,,,,,,,,,
58962637,110,5021,1,8/11/2025,,,,,,,,,
58894081,110,5021,1,8/11/2025,,,,,,,,,
58860966,110,5023,-1,8/9/2025,,,,,,,,,
58967666,110,5030,-1,8/9/2025,,,,,,,,,
58967489,110,5023,-1,8/9/2025,,,,,,,,,
58967670,110,5021,-1,8/9/2025,,,,,,,,,
58961357,110,5061,-1,8/8/2025,,,,,,,,,
58962637,110,5021,-1,8/8/2025,,,,,,,,,
58959904,110,5022,-1,8/8/2025,,,,,,,,,
58946714,110,5021,-1,8/7/2025,,,,,,,,,
58945362,110,5023,-1,8/7/2025,,,,,,,,,
58953442,110,5030,-1,8/7/2025,,,,,,,,,
58946717,110,5021,-1,8/7/2025,,,,,,,,,
58943503,110,5041,-1,8/6/2025,,,,,,,,,
58942647,110,5030,-1,8/6/2025,,,,,,,,,
58932952,110,5023,-1,8/5/2025,,,,,,,,,
58903000,110,5023,-1,8/5/2025,,,,,,,,,
58916279,110,5023,-1,8/5/2025,,,,,,,,,
58910658,110,5023,-1,8/5/2025,,,,,,,,,
58916321,110,5023,-1,8/5/2025,,,,,,,,,
58875679,110,5023,-1,8/5/2025,,,,,,,,,
58936150,110,5039,-1,8/5/2025,,,,,,,,,
58921652,110,5042,-1,8/5/2025,,,,,,,,,
58884549,110,5001,-1,8/5/2025,,,,,,,,,
58933843,110,5021,-1,8/5/2025,,,,,,,,,
58932884,110,5022,-1,8/5/2025,,,,,,,,,
58934209,110,5021,-1,8/5/2025,,,,,,,,,
58920073,110,5022,-1,8/5/2025,,,,,,,,,
58914843,110,5041,-1,8/4/2025,,,,,,,,,
58904345,110,5022,-1,8/4/2025,,,,,,,,,
58914164,110,5021,-1,8/4/2025,,,,,,,,,
58912843,110,5021,-1,8/4/2025,,,,,,,,,
58903846,110,5003,-1,8/4/2025,,,,,,,,,
58912538,110,5030,-1,8/4/2025,,,,,,,,,
58905246,110,5021,-1,8/2/2025,,,,,,,,,
58910173,110,5030,-1,8/2/2025,,,,,,,,,
58903351,110,5041,-1,8/1/2025,,,,,,,,,
58713841,110,5062,-1,8/1/2025,,,,,,,,,
58902796,110,5030,-1,8/1/2025,,,,,,,,,
59345900,110,5023,-1,9/30/2025,,,,,,,,,
59353170,110,5009,-1,9/30/2025,,,,,,,,,
59355567,110,5023,-1,9/30/2025,,,,,,,,,
59345006,110,5021,-1,9/30/2025,,,,,,,,,
58575052,110,5041,-1,9/30/2025,,,,,,,,,
59345769,110,5001,-1,9/30/2025,,,,,,,,,
59342093,110,5021,-1,9/29/2025,,,,,,,,,
59341267,110,5021,-1,9/29/2025,,,,,,,,,
59342181,110,5023,-1,9/29/2025,,,,,,,,,
59333591,110,5030,1,9/29/2025,,,,,,,,,
59342516,110,5030,-1,9/29/2025,,,,,,,,,
59329077,110,5032,-1,9/27/2025,,,,,,,,,
59338391,110,5041,-1,9/27/2025,,,,,,,,,
59333591,110,5030,-1,9/27/2025,,,,,,,,,
59337986,110,5023,-1,9/27/2025,,,,,,,,,
59338303,110,5010,-1,9/27/2025,,,,,,,,,
59337981,110,5030,-1,9/27/2025,,,,,,,,,
59335564,110,5021,-1,9/27/2025,,,,,,,,,
59328767,110,5030,-1,9/26/2025,,,,,,,,,
59329312,110,5043,-1,9/26/2025,,,,,,,,,
59321557,110,5021,-1,9/26/2025,,,,,,,,,
59331009,110,5030,-1,9/26/2025,,,,,,,,,
59320682,110,5030,-1,9/26/2025,,,,,,,,,
59331588,110,5001,-1,9/26/2025,,,,,,,,,
59315815,110,5042,-1,9/25/2025,,,,,,,,,
59317901,110,5023,-1,9/25/2025,,,,,,,,,
59282446,110,5021,1,9/24/2025,,,,,,,,,
59310867,110,5021,-1,9/24/2025,,,,,,,,,
59307401,110,5021,-1,9/24/2025,,,,,,,,,
59304249,110,5003,-1,9/24/2025,,,,,,,,,
59171173,110,5021,1,9/24/2025,,,,,,,,,
59305203,110,5001,-1,9/24/2025,,,,,,,,,
59298576,110,5003,-1,9/23/2025,,,,,,,,,
59289485,110,5030,-1,9/23/2025,,,,,,,,,
59265088,110,5021,-1,9/23/2025,,,,,,,,,
59294320,110,5022,-1,9/23/2025,,,,,,,,,
59297727,110,5041,-1,9/23/2025,,,,,,,,,
59297051,110,5021,-1,9/23/2025,,,,,,,,,
59285084,110,5021,-1,9/22/2025,,,,,,,,,
59285917,110,5021,-1,9/22/2025,,,,,,,,,
59286374,110,5030,-1,9/22/2025,,,,,,,,,
59128768,110,5023,1,9/20/2025,,,,,,,,,
59128497,110,5023,1,9/20/2025,,,,,,,,,
59282446,110,5021,-1,9/20/2025,,,,,,,,,
59283111,110,5028,-1,9/20/2025,,,,,,,,,
59282202,110,5030,-1,9/20/2025,,,,,,,,,
59232613,110,5021,1,9/19/2025,,,,,,,,,
59271394,110,5001,-1,9/19/2025,,,,,,,,,
59271428,110,5001,-1,9/19/2025,,,,,,,,,
59274516,110,5001,-1,9/19/2025,,,,,,,,,
59263857,110,5001,-1,9/18/2025,,,,,,,,,
59244932,110,5024,-1,9/18/2025,,,,,,,,,
59265625,110,5043,-1,9/18/2025,,,,,,,,,
59256629,110,5021,-1,9/18/2025,,,,,,,,,
59251956,110,5011,-1,9/18/2025,,,,,,,,,
59257258,110,5021,-1,9/18/2025,,,,,,,,,
59256751,110,5030,-1,9/17/2025,,,,,,,,,
59256086,110,5030,-1,9/17/2025,,,,,,,,,
59255185,110,5001,-1,9/17/2025,,,,,,,,,
59202525,110,5021,1,9/17/2025,,,,,,,,,
59253603,110,5021,-1,9/17/2025,,,,,,,,,
59234895,110,5023,-1,9/16/2025,,,,,,,,,
59238327,110,5030,-1,9/16/2025,,,,,,,,,
59243861,110,5021,-1,9/16/2025,,,,,,,,,
59243285,110,5001,-1,9/16/2025,,,,,,,,,
59245887,110,5030,-1,9/16/2025,,,,,,,,,
59233140,110,5030,-1,9/15/2025,,,,,,,,,
59235702,110,5030,-1,9/15/2025,,,,,,,,,
59235985,110,5030,-1,9/15/2025,,,,,,,,,
59232613,110,5021,-1,9/15/2025,,,,,,,,,
59232368,110,5021,-1,9/15/2025,,,,,,,,,
59229823,110,5021,1,9/15/2025,,,,,,,,,
59231794,110,5042,-1,9/15/2025,,,,,,,,,
59229053,110,5021,-1,9/13/2025,,,,,,,,,
59226814,110,5022,-1,9/13/2025,,,,,,,,,
59211890,110,5003,-1,9/13/2025,,,,,,,,,
59229823,110,5021,-1,9/13/2025,,,,,,,,,
59223242,110,5023,-1,9/12/2025,,,,,,,,,
59213333,110,5042,-1,9/11/2025,,,,,,,,,
59213903,110,5021,-1,9/11/2025,,,,,,,,,
59211037,110,5030,-1,9/11/2025,,,,,,,,,
59201313,110,5021,-1,9/10/2025,,,,,,,,,
59203513,110,5033,-1,9/10/2025,,,,,,,,,
59196420,110,5021,-1,9/10/2025,,,,,,,,,
59196894,110,5001,-1,9/10/2025,,,,,,,,,
59202525,110,5021,-1,9/10/2025,,,,,,,,,
59185082,110,5021,-1,9/10/2025,,,,,,,,,
59191398,110,5005,-1,9/9/2025,,,,,,,,,
59182070,110,5042,-1,9/9/2025,,,,,,,,,
59182267,110,5022,-1,9/9/2025,,,,,,,,,
59179884,110,5041,-1,9/8/2025,,,,,,,,,
59179072,110,5021,-1,9/8/2025,,,,,,,,,
59179218,110,5023,-1,9/8/2025,,,,,,,,,
59179124,110,5030,-1,9/8/2025,,,,,,,,,
59176357,110,5021,-1,9/8/2025,,,,,,,,,
59184700,110,5043,-1,9/8/2025,,,,,,,,,
59175985,110,5001,-1,9/8/2025,,,,,,,,,
59177798,110,5023,-1,9/8/2025,,,,,,,,,
59175975,110,5001,-1,9/8/2025,,,,,,,,,
59171173,110,5021,-1,9/6/2025,,,,,,,,,
59174202,110,5030,-1,9/6/2025,,,,,,,,,
59175798,110,5010,-1,9/6/2025,,,,,,,,,
59176468,110,5042,-1,9/6/2025,,,,,,,,,
59152859,110,5046,-1,9/5/2025,,,,,,,,,
59165242,110,5030,-1,9/5/2025,,,,,,,,,
59162090,110,5062,-1,9/4/2025,,,,,,,,,
59157938,110,5021,-1,9/4/2025,,,,,,,,,
59150095,110,5005,-1,9/4/2025,,,,,,,,,
59155812,110,5042,-1,9/4/2025,,,,,,,,,
59122093,110,5039,-1,9/4/2025,,,,,,,,,
59153935,110,5022,-1,9/4/2025,,,,,,,,,
59140116,110,5030,-1,9/3/2025,,,,,,,,,
59148613,110,5041,-1,9/3/2025,,,,,,,,,
59148326,110,5023,-1,9/3/2025,,,,,,,,,
59125436,110,5021,1,9/2/2025,,,,,,,,,
59142559,110,5041,-1,9/2/2025,,,,,,,,,
59128819,110,5030,-1,9/1/2025,,,,,,,,,
59128768,110,5023,-1,9/1/2025,,,,,,,,,
59128852,110,5030,-1,9/1/2025,,,,,,,,,
59130976,110,5022,-1,9/1/2025,,,,,,,,,
59130170,110,5061,-1,9/1/2025,,,,,,,,,
59127953,110,5041,-1,9/1/2025,,,,,,,,,
59125870,110,5043,-1,9/1/2025,,,,,,,,,
59128497,110,5023,-1,9/1/2025,,,,,,,,,
59131006,110,5022,-1,9/1/2025,,,,,,,,,
58713841,110,5062,1,10/31/2025,,,,,,,,,
59575672,110,5023,-1,10/30/2025,,,,,,,,,
59422709,110,5021,1,10/30/2025,,,,,,,,,
59581826,110,5041,-1,10/30/2025,,,,,,,,,
59491419,110,5021,1,10/30/2025,,,,,,,,,
59535938,110,5021,1,10/30/2025,,,,,,,,,
59570747,110,5021,-1,10/29/2025,,,,,,,,,
59572539,110,5023,-1,10/29/2025,,,,,,,,,
59570865,110,5023,-1,10/29/2025,,,,,,,,,
59570396,110,5023,-1,10/29/2025,,,,,,,,,
59570181,110,5023,-1,10/29/2025,,,,,,,,,
59562491,110,5042,-1,10/28/2025,,,,,,,,,
59560207,110,5030,-1,10/28/2025,,,,,,,,,
59560867,110,5030,-1,10/28/2025,,,,,,,,,
59561220,110,5001,-1,10/28/2025,,,,,,,,,
59561088,110,5001,-1,10/28/2025,,,,,,,,,
59560935,110,5001,-1,10/28/2025,,,,,,,,,
59562147,110,5030,-1,10/28/2025,,,,,,,,,
59549204,110,5042,-1,10/27/2025,,,,,,,,,
59548139,110,5030,-1,10/27/2025,,,,,,,,,
59545936,110,5021,-1,10/27/2025,,,,,,,,,
59496186,110,5001,1,10/27/2025,,,,,,,,,
59548721,110,5021,-1,10/27/2025,,,,,,,,,
59550559,110,5001,-1,10/27/2025,,,,,,,,,
59546204,110,5030,-1,10/25/2025,,,,,,,,,
59545832,110,5030,-1,10/25/2025,,,,,,,,,
59545138,110,5041,-1,10/25/2025,,,,,,,,,
59513187,110,5023,-1,10/25/2025,,,,,,,,,
59545421,110,5041,-1,10/25/2025,,,,,,,,,
59536170,110,5001,-1,10/24/2025,,,,,,,,,
59531171,110,5046,-1,10/24/2025,,,,,,,,,
59528648,110,5042,-1,10/24/2025,,,,,,,,,
59539530,110,5061,-1,10/24/2025,,,,,,,,,
58895748,110,5021,-1,10/24/2025,,,,,,,,,
59536116,110,5001,-1,10/24/2025,,,,,,,,,
59535938,110,5021,-1,10/24/2025,,,,,,,,,
59535865,110,5021,-1,10/24/2025,,,,,,,,,
59536085,110,5021,-1,10/24/2025,,,,,,,,,
59526311,110,5021,-1,10/23/2025,,,,,,,,,
59523489,110,5001,-1,10/23/2025,,,,,,,,,
59526142,110,5030,-1,10/23/2025,,,,,,,,,
59523344,110,5011,-1,10/23/2025,,,,,,,,,
59519084,110,5043,-1,10/22/2025,,,,,,,,,
59512037,110,5030,-1,10/22/2025,,,,,,,,,
59494911,110,5011,-1,10/22/2025,,,,,,,,,
59512546,110,5022,-1,10/22/2025,,,,,,,,,
59506175,110,5030,-1,10/22/2025,,,,,,,,,
59424690,110,5046,-1,10/22/2025,,,,,,,,,
59515124,110,5001,-1,10/22/2025,,,,,,,,,
59515338,110,5030,-1,10/22/2025,,,,,,,,,
59392697,110,5021,1,10/22/2025,,,,,,,,,
59506202,110,5001,-1,10/21/2025,,,,,,,,,
59496186,110,5001,-1,10/20/2025,,,,,,,,,
59421770,110,5042,-1,10/18/2025,,,,,,,,,
59493368,110,5021,-1,10/18/2025,,,,,,,,,
59491419,110,5021,-1,10/18/2025,,,,,,,,,
59493203,110,5021,-1,10/18/2025,,,,,,,,,
59492780,110,5001,-1,10/18/2025,,,,,,,,,
59483973,110,5023,-1,10/17/2025,,,,,,,,,
59478124,110,5001,-1,10/17/2025,,,,,,,,,
59483523,110,5021,-1,10/17/2025,,,,,,,,,
59464535,110,5001,-1,10/17/2025,,,,,,,,,
59486099,110,5021,-1,10/17/2025,,,,,,,,,
59486937,110,5021,-1,10/17/2025,,,,,,,,,
59484799,110,5001,-1,10/17/2025,,,,,,,,,
58643435,110,5023,1,10/17/2025,,,,,,,,,
59477016,110,5030,-1,10/16/2025,,,,,,,,,
59474739,110,5028,-1,10/16/2025,,,,,,,,,
59475317,110,5041,-1,10/16/2025,,,,,,,,,
59432177,110,5001,-1,10/16/2025,,,,,,,,,
59475582,110,5041,-1,10/16/2025,,,,,,,,,
59460072,110,5030,-1,10/15/2025,,,,,,,,,
59463559,110,5030,-1,10/15/2025,,,,,,,,,
59456588,110,5021,-1,10/14/2025,,,,,,,,,
59452856,110,5023,-1,10/14/2025,,,,,,,,,
59341267,110,5021,1,10/13/2025,,,,,,,,,
59441670,110,5021,-1,10/13/2025,,,,,,,,,
59438906,110,5041,-1,10/13/2025,,,,,,,,,
59387069,110,5021,1,10/13/2025,,,,,,,,,
59441341,110,5030,-1,10/13/2025,,,,,,,,,
59443277,110,5042,-1,10/13/2025,,,,,,,,,
59432664,110,5041,-1,10/11/2025,,,,,,,,,
59422502,110,5001,-1,10/11/2025,,,,,,,,,
59432192,110,5022,-1,10/11/2025,,,,,,,,,
59431552,110,5021,-1,10/11/2025,,,,,,,,,
59438712,110,5021,-1,10/11/2025,,,,,,,,,
59429879,110,5042,-1,10/10/2025,,,,,,,,,
59431154,110,5001,-1,10/10/2025,,,,,,,,,
59422709,110,5021,-1,10/10/2025,,,,,,,,,
59342516,110,5030,1,10/10/2025,,,,,,,,,
59422639,110,5021,-1,10/10/2025,,,,,,,,,
59433185,110,5063,-1,10/10/2025,,,,,,,,,
59404353,110,5023,-1,10/9/2025,,,,,,,,,
59392590,110,5003,-1,10/9/2025,,,,,,,,,
59422595,110,5041,-1,10/9/2025,,,,,,,,,
59417227,110,5022,-1,10/9/2025,,,,,,,,,
59307401,110,5021,1,10/8/2025,,,,,,,,,
59412863,110,5061,-1,10/8/2025,,,,,,,,,
59410932,110,5042,-1,10/8/2025,,,,,,,,,
59410426,110,5041,-1,10/8/2025,,,,,,,,,
59407809,110,5041,-1,10/8/2025,,,,,,,,,
59394423,110,5061,-1,10/7/2025,,,,,,,,,
59401445,110,5030,-1,10/7/2025,,,,,,,,,
59163434,110,5046,-1,10/7/2025,,,,,,,,,
59392697,110,5021,-1,10/7/2025,,,,,,,,,
59394980,110,5001,-1,10/7/2025,,,,,,,,,
59402128,110,5021,-1,10/7/2025,,,,,,,,,
59285084,110,5021,1,10/6/2025,,,,,,,,,
59390798,110,5001,-1,10/6/2025,,,,,,,,,
59389787,110,5030,-1,10/6/2025,,,,,,,,,
59253603,110,5021,1,10/6/2025,,,,,,,,,
59386506,110,5021,-1,10/4/2025,,,,,,,,,
59342532,110,5030,-1,10/4/2025,,,,,,,,,
59344979,110,5030,-1,10/4/2025,,,,,,,,,
59384970,110,5021,-1,10/4/2025,,,,,,,,,
59387069,110,5021,-1,10/4/2025,,,,,,,,,
59386662,110,5021,-1,10/4/2025,,,,,,,,,
59382323,110,5030,-1,10/3/2025,,,,,,,,,
59379561,110,5046,-1,10/3/2025,,,,,,,,,
59380233,110,5023,-1,10/3/2025,,,,,,,,,
59229053,110,5021,1,10/3/2025,,,,,,,,,
59379692,110,5001,-1,10/3/2025,,,,,,,,,
59368726,110,5061,-1,10/2/2025,,,,,,,,,
59363057,110,5010,-1,10/1/2025,,,,,,,,,
59814507,110,5030,-1,11/29/2025,,,,,,,,,
59738968,110,509A,-1,11/29/2025,,,,,,,,,
59819873,110,5001,-1,11/29/2025,,,,,,,,,
59804311,110,5021,-1,11/28/2025,,,,,,,,,
59812514,110,5001,-1,11/28/2025,,,,,,,,,
59812703,110,5001,-1,11/28/2025,,,,,,,,,
59805674,110,5021,-1,11/28/2025,,,,,,,,,
59814218,110,5030,-1,11/28/2025,,,,,,,,,
59810400,110,5030,-1,11/28/2025,,,,,,,,,
59804707,110,5030,-1,11/27/2025,,,,,,,,,
59802332,110,5021,-1,11/27/2025,,,,,,,,,
59791995,110,5041,-1,11/26/2025,,,,,,,,,
59794201,110,5021,-1,11/26/2025,,,,,,,,,
59787879,110,5001,-1,11/26/2025,,,,,,,,,
59788892,110,5021,-1,11/26/2025,,,,,,,,,
59774023,110,5030,-1,11/25/2025,,,,,,,,,
59758234,110,5042,-1,11/24/2025,,,,,,,,,
59741708,110,5041,-1,11/24/2025,,,,,,,,,
59769756,110,5021,-1,11/24/2025,,,,,,,,,
59769558,110,5036,-1,11/24/2025,,,,,,,,,
59767705,110,5030,-1,11/24/2025,,,,,,,,,
59764285,110,5001,-1,11/22/2025,,,,,,,,,
59764295,110,5001,-1,11/22/2025,,,,,,,,,
59754987,110,5061,-1,11/22/2025,,,,,,,,,
59637111,110,5005,1,11/22/2025,,,,,,,,,
59712252,110,5021,-1,11/22/2025,,,,,,,,,
59766928,110,5023,-1,11/22/2025,,,,,,,,,
59759610,110,5021,-1,11/21/2025,,,,,,,,,
59757123,110,5030,-1,11/21/2025,,,,,,,,,
59756116,110,5021,-1,11/21/2025,,,,,,,,,
59757316,110,5021,-1,11/21/2025,,,,,,,,,
59757438,110,5044,-1,11/21/2025,,,,,,,,,
59751649,110,5021,-1,11/20/2025,,,,,,,,,
59738966,110,5042,-1,11/19/2025,,,,,,,,,
59739365,110,5042,-1,11/19/2025,,,,,,,,,
59735221,110,5001,-1,11/19/2025,,,,,,,,,
59738835,110,5023,-1,11/19/2025,,,,,,,,,
59727644,110,5021,-1,11/18/2025,,,,,,,,,
59715843,110,5021,-1,11/18/2025,,,,,,,,,
59727715,110,5023,-1,11/18/2025,,,,,,,,,
59727088,110,5021,-1,11/18/2025,,,,,,,,,
59729709,110,5021,-1,11/18/2025,,,,,,,,,
59675137,110,5030,1,11/17/2025,,,,,,,,,
59716215,110,5023,-1,11/17/2025,,,,,,,,,
59718782,110,5021,-1,11/17/2025,,,,,,,,,
59717862,110,5005,-1,11/17/2025,,,,,,,,,
59716441,110,5023,-1,11/17/2025,,,,,,,,,
59712226,110,5021,-1,11/15/2025,,,,,,,,,
59712624,110,5023,-1,11/15/2025,,,,,,,,,
59713120,110,5021,-1,11/15/2025,,,,,,,,,
59706719,110,5001,-1,11/14/2025,,,,,,,,,
59704448,110,5042,-1,11/14/2025,,,,,,,,,
59693604,110,5022,-1,11/14/2025,,,,,,,,,
59704186,110,5021,-1,11/14/2025,,,,,,,,,
59698493,110,5030,-1,11/14/2025,,,,,,,,,
59704079,110,5023,-1,11/14/2025,,,,,,,,,
59705739,110,5065,-1,11/14/2025,,,,,,,,,
59702059,110,5001,-1,11/14/2025,,,,,,,,,
59697912,110,5043,-1,11/13/2025,,,,,,,,,
59680232,110,5022,-1,11/13/2025,,,,,,,,,
59696333,110,5030,-1,11/13/2025,,,,,,,,,
58895748,110,5035,1,11/12/2025,,,,,,,,,
59685470,110,5021,-1,11/12/2025,,,,,,,,,
59676554,110,5021,-1,11/12/2025,,,,,,,,,
59683205,110,5001,-1,11/12/2025,,,,,,,,,
59685146,110,5030,-1,11/12/2025,,,,,,,,,
59675137,110,5030,-1,11/11/2025,,,,,,,,,
59668953,110,5021,-1,11/11/2025,,,,,,,,,
59672440,110,5022,-1,11/11/2025,,,,,,,,,
59673483,110,5043,-1,11/11/2025,,,,,,,,,
59675089,110,5030,-1,11/11/2025,,,,,,,,,
59545138,110,5041,1,11/11/2025,,,,,,,,,
59661055,110,5021,-1,11/10/2025,,,,,,,,,
59662052,110,5041,-1,11/10/2025,,,,,,,,,
59661147,110,5021,-1,11/10/2025,,,,,,,,,
59615228,110,5021,1,11/10/2025,,,,,,,,,
59659305,110,5030,-1,11/10/2025,,,,,,,,,
59662043,110,5041,-1,11/10/2025,,,,,,,,,
59661663,110,5001,-1,11/10/2025,,,,,,,,,
59661469,110,5001,-1,11/10/2025,,,,,,,,,
59659311,110,5030,-1,11/10/2025,,,,,,,,,
59661133,110,5030,-1,11/10/2025,,,,,,,,,
59601878,110,5021,1,11/10/2025,,,,,,,,,
59649087,110,5023,-1,11/8/2025,,,,,,,,,
59656873,110,5003,-1,11/8/2025,,,,,,,,,
59331588,110,5001,1,11/8/2025,,,,,,,,,
59656608,110,5030,-1,11/8/2025,,,,,,,,,
59638003,110,5041,-1,11/8/2025,,,,,,,,,
59647634,110,5021,-1,11/7/2025,,,,,,,,,
59647549,110,5021,-1,11/7/2025,,,,,,,,,
59647734,110,5030,-1,11/7/2025,,,,,,,,,
59651013,110,5030,-1,11/7/2025,,,,,,,,,
59639239,110,5030,-1,11/6/2025,,,,,,,,,
59633486,110,5022,-1,11/6/2025,,,,,,,,,
59636657,110,5021,-1,11/6/2025,,,,,,,,,
58616305,110,5001,-1,11/6/2025,,,,,,,,,
59626666,110,5021,-1,11/6/2025,,,,,,,,,
59637286,110,5030,-1,11/6/2025,,,,,,,,,
59637780,110,5001,-1,11/6/2025,,,,,,,,,
59615122,110,5021,-1,11/5/2025,,,,,,,,,
59625831,110,5023,-1,11/5/2025,,,,,,,,,
59615228,110,5021,-1,11/5/2025,,,,,,,,,
59625514,110,5001,-1,11/5/2025,,,,,,,,,
59626366,110,5041,-1,11/5/2025,,,,,,,,,
59627213,110,5021,-1,11/5/2025,,,,,,,,,
59616640,110,5022,-1,11/4/2025,,,,,,,,,
59614656,110,5042,-1,11/4/2025,,,,,,,,,
59615075,110,5041,-1,11/4/2025,,,,,,,,,
59607513,110,5043,-1,11/4/2025,,,,,,,,,
59603024,110,5030,-1,11/3/2025,,,,,,,,,
59603704,110,5010,-1,11/3/2025,,,,,,,,,
59570747,110,5021,1,11/3/2025,,,,,,,,,
59603281,110,5021,-1,11/3/2025,,,,,,,,,
59604617,110,5041,-1,11/3/2025,,,,,,,,,
59601685,110,5030,-1,11/3/2025,,,,,,,,,
59601878,110,5021,-1,11/3/2025,,,,,,,,,
59600087,110,5022,-1,11/1/2025,,,,,,,,,
68154293,110,5001,-1,12/31/2025,,,,,,,,,
68162037,110,5021,-1,12/31/2025,,,,,,,,,
68162224,110,5023,-1,12/31/2025,,,,,,,,,
68150537,110,5030,-1,12/30/2025,,,,,,,,,
68144733,110,5030,-1,12/29/2025,,,,,,,,,
68067231,110,5023,-1,12/29/2025,,,,,,,,,
68142774,110,5001,-1,12/29/2025,,,,,,,,,
68147740,110,5030,-1,12/29/2025,,,,,,,,,
68144530,110,5001,-1,12/29/2025,,,,,,,,,
59415677,110,5001,-1,12/27/2025,,,,,,,,,
68138303,110,5001,-1,12/27/2025,,,,,,,,,
68135629,110,5030,-1,12/26/2025,,,,,,,,,
68135981,110,5001,-1,12/26/2025,,,,,,,,,
68137878,110,5010,-1,12/26/2025,,,,,,,,,
68130501,110,5001,-1,12/26/2025,,,,,,,,,
68136799,110,5001,-1,12/26/2025,,,,,,,,,
68133953,110,5042,-1,12/25/2025,,,,,,,,,
68128960,110,5021,-1,12/24/2025,,,,,,,,,
68122171,110,5021,-1,12/24/2025,,,,,,,,,
68128796,110,5030,-1,12/24/2025,,,,,,,,,
68113879,110,5061,-1,12/24/2025,,,,,,,,,
68130388,110,5030,-1,12/24/2025,,,,,,,,,
68117160,110,5021,-1,12/23/2025,,,,,,,,,
68120277,110,5021,-1,12/23/2025,,,,,,,,,
68021607,110,5021,1,12/23/2025,,,,,,,,,
68106948,110,5023,-1,12/22/2025,,,,,,,,,
68110343,110,5030,-1,12/22/2025,,,,,,,,,
68110167,110,5023,-1,12/22/2025,,,,,,,,,
68033375,110,5021,1,12/22/2025,,,,,,,,,
68111389,110,5041,-1,12/22/2025,,,,,,,,,
59838278,110,5041,-1,12/20/2025,,,,,,,,,
68051114,110,5046,-1,12/19/2025,,,,,,,,,
68087808,110,5021,-1,12/18/2025,,,,,,,,,
68089525,110,5023,-1,12/18/2025,,,,,,,,,
68081378,110,5021,-1,12/18/2025,,,,,,,,,
68091192,110,5021,-1,12/18/2025,,,,,,,,,
68075397,110,5021,-1,12/17/2025,,,,,,,,,
68078870,110,5030,-1,12/17/2025,,,,,,,,,
68033144,110,5001,1,12/16/2025,,,,,,,,,
68066423,110,5001,-1,12/16/2025,,,,,,,,,
68061239,110,5001,-1,12/16/2025,,,,,,,,,
68067700,110,5001,-1,12/16/2025,,,,,,,,,
68066927,110,5023,-1,12/16/2025,,,,,,,,,
68011730,110,5021,1,12/16/2025,,,,,,,,,
68050861,110,5001,-1,12/15/2025,,,,,,,,,
68054674,110,5030,-1,12/15/2025,,,,,,,,,
68054212,110,5030,-1,12/15/2025,,,,,,,,,
68054883,110,5023,-1,12/15/2025,,,,,,,,,
68054472,110,5021,-1,12/15/2025,,,,,,,,,
68011951,110,5021,-1,12/13/2025,,,,,,,,,
59848937,110,5022,1,12/13/2025,,,,,,,,,
68050643,110,5021,-1,12/13/2025,,,,,,,,,
68050792,110,5021,-1,12/13/2025,,,,,,,,,
68044969,110,5021,-1,12/12/2025,,,,,,,,,
68045126,110,5064,-1,12/12/2025,,,,,,,,,
68033375,110,5021,-1,12/12/2025,,,,,,,,,
68022846,110,5021,-1,12/11/2025,,,,,,,,,
68033223,110,5042,-1,12/11/2025,,,,,,,,,
68033144,110,5001,-1,12/11/2025,,,,,,,,,
68026468,110,5023,-1,12/11/2025,,,,,,,,,
68021919,110,5021,-1,12/10/2025,,,,,,,,,
68013310,110,5030,-1,12/10/2025,,,,,,,,,
68021607,110,5021,-1,12/10/2025,,,,,,,,,
68021915,110,5030,-1,12/10/2025,,,,,,,,,
68020495,110,5001,-1,12/10/2025,,,,,,,,,
68022448,110,5001,-1,12/10/2025,,,,,,,,,
68011957,110,5001,-1,12/9/2025,,,,,,,,,
68011730,110,5021,-1,12/9/2025,,,,,,,,,
59879386,110,5021,-1,12/9/2025,,,,,,,,,
59877814,110,5030,-1,12/9/2025,,,,,,,,,
68001110,110,5001,-1,12/8/2025,,,,,,,,,
68002502,110,5025,-1,12/8/2025,,,,,,,,,
59835448,110,5041,-1,12/8/2025,,,,,,,,,
59871433,110,5021,-1,12/8/2025,,,,,,,,,
59877445,110,5023,-1,12/6/2025,,,,,,,,,
59876717,110,5021,-1,12/6/2025,,,,,,,,,
59877516,110,5021,-1,12/6/2025,,,,,,,,,
59757924,110,5014,-1,12/5/2025,,,,,,,,,
59868964,110,5023,-1,12/5/2025,,,,,,,,,
59824633,110,5023,-1,12/5/2025,,,,,,,,,
59805674,110,5021,1,12/5/2025,,,,,,,,,
59869034,110,5021,-1,12/5/2025,,,,,,,,,
59802332,110,5021,1,12/5/2025,,,,,,,,,
59861329,110,5023,-1,12/5/2025,,,,,,,,,
59855530,110,5021,1,12/5/2025,,,,,,,,,
59860766,110,5021,-1,12/5/2025,,,,,,,,,
59871247,110,5041,-1,12/5/2025,,,,,,,,,
59860809,110,5030,-1,12/5/2025,,,,,,,,,
59858221,110,5001,-1,12/4/2025,,,,,,,,,
59858219,110,5042,-1,12/4/2025,,,,,,,,,
59855530,110,5021,-1,12/4/2025,,,,,,,,,
59857836,110,5021,-1,12/4/2025,,,,,,,,,
59848531,110,5021,-1,12/4/2025,,,,,,,,,
59837593,110,5021,-1,12/3/2025,,,,,,,,,
59848937,110,5022,-1,12/3/2025,,,,,,,,,
59847143,110,5023,-1,12/3/2025,,,,,,,,,
59832060,110,5022,-1,12/2/2025,,,,,,,,,
59835901,110,5023,-1,12/2/2025,,,,,,,,,
59769756,110,5021,1,12/2/2025,,,,,,,,,
59826621,110,5001,-1,12/2/2025,,,,,,,,,
58513851,110,5041,1,12/2/2025,,,,,,,,,
59835525,110,5042,-1,12/2/2025,,,,,,,,,
59825679,110,5023,-1,12/1/2025,,,,,,,,,
59816084,110,5022,-1,12/1/2025,,,,,,,,,
59825626,110,5001,-1,12/1/2025,,,,,,,,,
59826310,110,5023,-1,12/1/2025,,,,,,,,,
59823572,110,5001,-1,12/1/2025,,,,,,,,,
59639239,110,5030,1,12/1/2025,,,,,,,,,
59659311,110,5030,1,12/1/2025,,,,,,,,,
59342532,110,5030,1,12/1/2025,,,,,,,,,
11044382,110,5061,-1,2/5/2024,,,,,,,,,
55573966,110,5064,-1,3/29/2024,,,,,,,,,
55782227,110,5061,-1,5/2/2024,,,,,,,,,
55782227,110,5061,1,5/9/2024,,,,,,,,,
55692853,110,5042,-1,5/18/2024,,,,,,,,,
55908724,110,5064,-1,5/23/2024,,,,,,,,,
55908348,110,5064,-1,5/23/2024,,,,,,,,,
56103655,110,5001,-1,6/20/2024,,,,,,,,,
56103673,110,5001,-1,6/20/2024,,,,,,,,,
55580031,110,5021,-1,6/25/2024,,,,,,,,,
55580031,110,5021,1,6/28/2024,,,,,,,,,
56205900,110,5033,-1,7/8/2024,,,,,,,,,
56239514,110,5021,-1,7/11/2024,,,,,,,,,
56369183,110,5030,-1,7/30/2024,,,,,,,,,
56378234,110,5030,-1,7/31/2024,,,,,,,,,
56374226,110,5030,-1,7/31/2024,,,,,,,,,
56372309,110,5030,-1,8/1/2024,,,,,,,,,
56403265,110,5042,-1,8/2/2024,,,,,,,,,
56415420,110,5061,-1,8/5/2024,,,,,,,,,
56422095,110,5030,-1,8/6/2024,,,,,,,,,
56455042,110,5030,-1,8/9/2024,,,,,,,,,
56449947,110,5030,-1,8/9/2024,,,,,,,,,
56445430,110,5030,-1,8/10/2024,,,,,,,,,
56415420,110,5061,1,8/22/2024,,,,,,,,,
56540847,110,5033,-1,8/23/2024,,,,,,,,,
56528195,110,50BK,-1,8/26/2024,,,,,,,,,
56544723,110,50BK,-1,8/26/2024,,,,,,,,,
56545015,110,50BK,-1,8/26/2024,,,,,,,,,
56537420,110,50BK,-1,8/26/2024,,,,,,,,,
56535959,110,50BK,-1,8/26/2024,,,,,,,,,
56545079,110,50BK,-1,8/26/2024,,,,,,,,,
56535529,110,50BK,-1,8/26/2024,,,,,,,,,
56545150,110,50BK,-1,8/26/2024,,,,,,,,,
56544747,110,50BK,-1,8/26/2024,,,,,,,,,
56606331,110,5021,-1,9/3/2024,,,,,,,,,
56605213,110,5021,-1,9/3/2024,,,,,,,,,
56602535,110,5021,-1,9/4/2024,,,,,,,,,
56617826,110,5021,-1,9/4/2024,,,,,,,,,
56616620,110,5021,-1,9/4/2024,,,,,,,,,
56616620,110,5021,1,9/11/2024,,,,,,,,,
56750655,110,5033,-1,9/21/2024,,,,,,,,,
56449947,110,5030,1,9/23/2024,,,,,,,,,
56779277,110,5043,-1,10/1/2024,,,,,,,,,
56859077,110,5001,-1,10/7/2024,,,,,,,,,
56892291,110,5021,-1,10/11/2024,,,,,,,,,
56750655,110,5033,1,10/16/2024,,,,,,,,,
57039239,110,5041,-1,10/30/2024,,,,,,,,,
57092955,110,5043,-1,11/6/2024,,,,,,,,,
57082439,110,5041,-1,11/6/2024,,,,,,,,,
57103380,110,5033,-1,11/12/2024,,,,,,,,,
57128209,110,5033,-1,11/12/2024,,,,,,,,,
57128333,110,5033,-1,11/12/2024,,,,,,,,,
57146826,110,5001,-1,11/14/2024,,,,,,,,,
57156066,110,5043,-1,11/15/2024,,,,,,,,,
57153588,110,5001,-1,11/15/2024,,,,,,,,,
57256961,110,5030,-1,11/30/2024,,,,,,,,,
57272649,110,5043,-1,12/6/2024,,,,,,,,,
57303332,110,5043,-1,12/9/2024,,,,,,,,,
57018045,110,5043,-1,12/10/2024,,,,,,,,,
57335158,110,5042,-1,12/12/2024,,,,,,,,,
57414568,110,5043,-1,12/24/2024,,,,,,,,,
53439219,110,5001,-1,4/20/2023,,,,,,,,,
97333080,110,5019,-30,6/19/2023,,,,,,,,,
54533507,110,5002,-1,10/18/2023,,,,,,,,,
54946339,110,5064,-1,12/29/2023,,,,,,,,,
49730818,110,5021,-1,1/4/2021,,,,,,,,,
49730619,110,5021,-1,1/4/2021,,,,,,,,,
49741904,110,5021,-1,1/6/2021,,,,,,,,,
49740590,110,5021,-1,1/6/2021,,,,,,,,,
49740683,110,5021,-1,1/6/2021,,,,,,,,,
49744818,110,5021,-1,1/7/2021,,,,,,,,,
49743998,110,5021,-1,1/7/2021,,,,,,,,,
49749604,110,5021,-1,1/8/2021,,,,,,,,,
49753630,110,5021,-1,1/9/2021,,,,,,,,,
49755789,110,5021,-1,1/11/2021,,,,,,,,,
49761227,110,5021,-1,1/12/2021,,,,,,,,,
49744818,110,5021,1,1/21/2021,,,,,,,,,
49835212,110,5021,-1,1/30/2021,,,,,,,,,
49696600,110,5021,1,2/3/2021,,,,,,,,,
49858689,110,5021,-1,3/18/2021,,,,,,,,,
50144672,110,5002,-1,7/13/2021,,,,,,,,,
50243407,110,5046,-1,7/15/2021,,,,,,,,,
50472152,110,5001,-1,7/26/2021,,,,,,,,,
50582970,110,5064,-1,9/27/2021,,,,,,,,,
52074532,110,5061,-1,9/7/2022,,,,,,,,,
52094746,110,5061,-1,9/8/2022,,,,,,,,,
52097245,110,5061,-1,9/9/2022,,,,,,,,,
20093730,110,5061,-1,11/12/2022,,,,,,,,,
20092472,110,5061,-1,12/28/2022,,,,,,,,,
80930637,110,5019,-20,2/11/2020,,,,,,,,,
48741076,110,5042,-1,2/27/2020,,,,,,,,,
49046286,110,5024,-1,6/24/2020,,,,,,,,,
49173473,110,5024,-1,7/29/2020,,,,,,,,,
49604723,110,5021,-1,11/25/2020,,,,,,,,,
49611224,110,5021,-1,11/26/2020,,,,,,,,,
49609669,110,5021,-1,11/26/2020,,,,,,,,,
49615909,110,5021,-1,11/27/2020,,,,,,,,,
49614616,110,5021,-1,11/27/2020,,,,,,,,,
49618836,110,5021,-1,11/28/2020,,,,,,,,,
49620952,110,5021,-1,11/30/2020,,,,,,,,,
49620188,110,5021,-1,11/30/2020,,,,,,,,,
49622038,110,5021,-1,11/30/2020,,,,,,,,,
49630581,110,5021,-1,12/2/2020,,,,,,,,,
49637745,110,5021,-1,12/3/2020,,,,,,,,,
49646193,110,5021,-1,12/5/2020,,,,,,,,,
49653836,110,5021,-1,12/8/2020,,,,,,,,,
49658273,110,5021,-1,12/9/2020,,,,,,,,,
49656639,110,5021,-1,12/9/2020,,,,,,,,,
49670680,110,5021,-1,12/12/2020,,,,,,,,,
49677793,110,5021,-1,12/15/2020,,,,,,,,,
49677592,110,5021,-1,12/15/2020,,,,,,,,,
49682808,110,5021,-1,12/16/2020,,,,,,,,,
49681579,110,5021,-1,12/16/2020,,,,,,,,,
49684237,110,5021,-1,12/16/2020,,,,,,,,,
49689029,110,5021,-1,12/17/2020,,,,,,,,,
49687546,110,5021,-1,12/17/2020,,,,,,,,,
49687667,110,5021,-1,12/17/2020,,,,,,,,,
49692260,110,5021,-1,12/18/2020,,,,,,,,,
49693850,110,5021,-1,12/19/2020,,,,,,,,,
49696302,110,5021,-1,12/19/2020,,,,,,,,,
49695895,110,5021,-1,12/19/2020,,,,,,,,,
49699425,110,5021,-1,12/21/2020,,,,,,,,,
49696493,110,5021,-1,12/21/2020,,,,,,,,,
49696600,110,5021,-1,12/21/2020,,,,,,,,,
49702737,110,5021,-1,12/22/2020,,,,,,,,,
49704203,110,5021,-1,12/23/2020,,,,,,,,,
49708373,110,5021,-1,12/23/2020,,,,,,,,,
49712029,110,5021,-1,12/24/2020,,,,,,,,,
49710538,110,5021,-1,12/24/2020,,,,,,,,,
49656639,110,5021,1,12/25/2020,,,,,,,,,
49714381,110,5021,-1,12/26/2020,,,,,,,,,
49714363,110,5021,-1,12/26/2020,,,,,,,,,
49714327,110,5021,-1,12/26/2020,,,,,,,,,
49720100,110,5021,-1,12/31/2020,,,,,,,,,
